part,fold_order,severity,entropy,entropy_norm,mode_frequency,n_bins,n
star,12,easy,1.977972478973142,0.5517414697016357,0.65,12,80
star,12,medium,2.558170017121027,0.7135834800521406,0.475,12,80
star,12,hard,3.3072287189138017,0.9225281207958284,0.225,12,80
cylinder,0,easy,2.274209008523499,0.6343745598638804,0.4625,12,80
cylinder,0,medium,2.2221578594408933,0.6198552590142521,0.45,12,80
cylinder,0,hard,3.2410800599236675,0.9040764190062482,0.25,12,80
washer,0,easy,2.4751432464099867,0.690423748062102,0.35,12,80
washer,0,medium,2.72968996335466,0.7614277590924736,0.325,12,80
washer,0,hard,3.2308300605278277,0.9012172539818504,0.2125,12,80
thread,0,easy,0.6237131849093467,0.173980393040061,0.9125,12,80
thread,0,medium,1.753897902987479,0.489237447430667,0.65,12,80
thread,0,hard,3.1114912241725996,0.8679285274383449,0.25,12,80
