part,severity,method,entropy,entropy_norm,mode_frequency,n_bins,n
cylinder,easy,(all methods),2.274209008523499,0.6343745598638804,0.4625,12,80
cylinder,easy,icp_pt2pt,0.8112781244591328,0.22630030977895446,0.75,12,20
cylinder,easy,icp_pt2pl,0.9709505944546686,0.27083981889890085,0.6,12,20
cylinder,easy,fpfh_ransac,2.665957320949175,0.7436499880857574,0.25,12,20
cylinder,easy,fgr,1.9804820237218406,0.5524414895060811,0.5,12,20
cylinder,medium,(all methods),2.2221578594408933,0.6198552590142521,0.45,12,80
cylinder,medium,icp_pt2pt,1.6387586809150083,0.4571201736657924,0.55,12,20
cylinder,medium,icp_pt2pl,0.8812908992306927,0.24582987940694248,0.7,12,20
cylinder,medium,fpfh_ransac,2.5282129458410014,0.7052271663462094,0.3,12,20
cylinder,medium,fgr,1.595461844238322,0.4450428265058216,0.45,12,20
cylinder,hard,(all methods),3.2410800599236675,0.9040764190062482,0.25,12,80
cylinder,hard,icp_pt2pt,2.6709505944546685,0.7450428265058215,0.3,12,20
cylinder,hard,icp_pt2pl,2.5219280948873624,0.703474051508223,0.4,12,20
cylinder,hard,fpfh_ransac,3.103701696057348,0.8657556935206443,0.25,12,20
cylinder,hard,fgr,2.670950594454668,0.7450428265058214,0.3,12,20
washer,easy,(all methods),2.4751432464099867,0.690423748062102,0.35,12,80
washer,easy,icp_pt2pt,0.9927744539878083,0.2769274305625513,0.55,12,20
washer,easy,icp_pt2pl,1.0,0.27894294565112987,0.5,12,20
washer,easy,fpfh_ransac,2.8016094970590277,0.7814892056738256,0.35,12,20
washer,easy,fgr,2.1190352743388656,0.5910899413627332,0.35,12,20
washer,medium,(all methods),2.72968996335466,0.7614277590924736,0.325,12,80
washer,medium,icp_pt2pt,1.7128876215181605,0.4777979187156333,0.45,12,20
washer,medium,icp_pt2pl,1.6192407046368487,0.45167577186961366,0.55,12,20
washer,medium,fpfh_ransac,2.984183719779189,0.8324169971593528,0.2,12,20
washer,medium,fgr,2.2464393446710154,0.6266284080291268,0.4,12,20
washer,hard,(all methods),3.2308300605278277,0.9012172539818504,0.2125,12,80
washer,hard,icp_pt2pt,2.7659573209491755,0.7715442826508706,0.3,12,20
washer,hard,icp_pt2pl,2.765957320949175,0.7715442826508705,0.3,12,20
washer,hard,fpfh_ransac,3.1086949695628423,0.8671485319407087,0.2,12,20
washer,hard,fgr,2.741446071165522,0.7647070424346277,0.25,12,20
thread,easy,(all methods),0.6237131849093467,0.173980393040061,0.9125,12,80
thread,easy,icp_pt2pt,0.4689955935892812,0.13082301237319427,0.9,12,20
thread,easy,icp_pt2pl,-0.0,-0.0,1.0,12,20
thread,easy,fpfh_ransac,1.2917601481809735,0.36032738080834076,0.75,12,20
thread,easy,fgr,-0.0,-0.0,1.0,12,20
thread,medium,(all methods),1.753897902987479,0.489237447430667,0.65,12,80
thread,medium,icp_pt2pt,1.7854752972273342,0.49804573879591924,0.5,12,20
thread,medium,icp_pt2pl,0.9917601481809735,0.27664449711300176,0.75,12,20
thread,medium,fpfh_ransac,2.295461844238322,0.6403028884616125,0.45,12,20
thread,medium,fgr,0.4689955935892812,0.13082301237319427,0.9,12,20
thread,hard,(all methods),3.1114912241725996,0.8679285274383449,0.25,12,80
thread,hard,icp_pt2pt,2.6638651219508542,0.7430663839342775,0.35,12,20
thread,hard,icp_pt2pl,2.6709505944546685,0.7450428265058215,0.3,12,20
thread,hard,fpfh_ransac,2.8086949695628425,0.7834656482453698,0.3,12,20
thread,hard,fgr,3.003701696057348,0.8378613989555315,0.25,12,20
