target_part,n_distractors,method,severity,trial,rre_deg,rte,success,fitness,inlier_rmse,n_inliers,template,d,voxel,n_target,n_source
bracket_screw,0,icp_pt2pt,medium,0,0.038276735719980165,0.00013111730810416212,True,1.0,0.000395,4380,itodd_bracket_screw.ply,0.094265,0.000943,6287,5344
bracket_screw,0,icp_pt2pl,medium,0,0.040560521835880665,0.00012649195510901494,True,1.0,0.000395,4380,itodd_bracket_screw.ply,0.094265,0.000943,6287,5344
bracket_screw,0,fpfh_ransac,medium,0,179.85798374203733,0.10564226262672678,False,0.873288,0.000554,3825,itodd_bracket_screw.ply,0.094265,0.000943,6287,5344
bracket_screw,0,fgr,medium,0,0.038262913366806484,0.0002132687782327949,True,1.0,0.000395,4380,itodd_bracket_screw.ply,0.094265,0.000943,6287,5344
bracket_screw,0,icp_pt2pt,medium,1,6.40888980922213,0.08195120510958359,False,0.700138,0.000866,3047,itodd_bracket_screw.ply,0.094265,0.000943,6287,5344
bracket_screw,0,icp_pt2pl,medium,1,0.045012254194871704,0.00021706742510726435,True,1.0,0.000395,4352,itodd_bracket_screw.ply,0.094265,0.000943,6287,5344
bracket_screw,0,fpfh_ransac,medium,1,0.04140730099122103,0.00018876595774564847,True,1.0,0.000394,4352,itodd_bracket_screw.ply,0.094265,0.000943,6287,5344
bracket_screw,0,fgr,medium,1,0.040041370229722865,0.0001289304142589893,True,1.0,0.000394,4352,itodd_bracket_screw.ply,0.094265,0.000943,6287,5344
bracket_screw,0,icp_pt2pt,medium,2,2.1458869549029416,0.15724918359788997,False,0.338125,0.000819,1482,itodd_bracket_screw.ply,0.094265,0.000943,6287,5344
bracket_screw,0,icp_pt2pl,medium,2,0.03795943332738926,0.00046665930453430616,True,1.0,0.000393,4383,itodd_bracket_screw.ply,0.094265,0.000943,6287,5344
bracket_screw,0,fpfh_ransac,medium,2,0.04309318380477193,0.00045189699728399906,True,1.0,0.000393,4383,itodd_bracket_screw.ply,0.094265,0.000943,6287,5344
bracket_screw,0,fgr,medium,2,0.03541805774403672,0.00046185083146162777,True,1.0,0.000393,4383,itodd_bracket_screw.ply,0.094265,0.000943,6287,5344
bracket_screw,0,icp_pt2pt,medium,3,11.77193933535808,0.04482627622824092,False,0.749596,0.000757,3251,itodd_bracket_screw.ply,0.094265,0.000943,6287,5344
bracket_screw,0,icp_pt2pl,medium,3,0.057172599995226045,0.00021586897514178118,True,1.0,0.000391,4337,itodd_bracket_screw.ply,0.094265,0.000943,6287,5344
bracket_screw,0,fpfh_ransac,medium,3,0.0529223765372832,0.0001774536227944674,True,1.0,0.000391,4337,itodd_bracket_screw.ply,0.094265,0.000943,6287,5344
bracket_screw,0,fgr,medium,3,0.05573451847560481,0.0002091138992164847,True,1.0,0.000391,4337,itodd_bracket_screw.ply,0.094265,0.000943,6287,5344
bracket_screw,0,icp_pt2pt,medium,4,10.540578228469897,0.17980563363210147,False,0.22006,0.000907,961,itodd_bracket_screw.ply,0.094265,0.000943,6287,5344
bracket_screw,0,icp_pt2pl,medium,4,5.020125798297607,0.13220129182171056,False,0.275017,0.000735,1201,itodd_bracket_screw.ply,0.094265,0.000943,6287,5344
bracket_screw,0,fpfh_ransac,medium,4,179.83935788243127,0.3705433547763147,False,0.877032,0.000546,3830,itodd_bracket_screw.ply,0.094265,0.000943,6287,5344
bracket_screw,0,fgr,medium,4,0.024775364846847486,0.0001293614572071031,True,1.0,0.000389,4367,itodd_bracket_screw.ply,0.094265,0.000943,6287,5344
bracket_screw,0,icp_pt2pt,medium,5,8.313799994240389,0.23482733609386194,False,0.0,0.0,0,itodd_bracket_screw.ply,0.094265,0.000943,6287,5344
bracket_screw,0,icp_pt2pl,medium,5,8.313799994240389,0.23482733609386194,False,0.0,0.0,0,itodd_bracket_screw.ply,0.094265,0.000943,6287,5344
bracket_screw,0,fpfh_ransac,medium,5,0.05119410720569788,4.760435638953349e-05,True,1.0,0.000394,4303,itodd_bracket_screw.ply,0.094265,0.000943,6287,5344
bracket_screw,0,fgr,medium,5,0.04284426491903836,0.00015270969713303777,True,1.0,0.000394,4303,itodd_bracket_screw.ply,0.094265,0.000943,6287,5344
bracket_screw,0,icp_pt2pt,medium,6,3.2313264039547276,0.1448544836906728,False,0.318608,0.000772,1392,itodd_bracket_screw.ply,0.094265,0.000943,6287,5344
bracket_screw,0,icp_pt2pl,medium,6,0.055808307006523714,0.0002871273692531387,True,1.0,0.000393,4369,itodd_bracket_screw.ply,0.094265,0.000943,6287,5344
bracket_screw,0,fpfh_ransac,medium,6,0.05787000337362249,0.0002854363215652626,True,1.0,0.000393,4369,itodd_bracket_screw.ply,0.094265,0.000943,6287,5344
bracket_screw,0,fgr,medium,6,0.05598654284851905,0.0002699566473747216,True,1.0,0.000393,4369,itodd_bracket_screw.ply,0.094265,0.000943,6287,5344
bracket_screw,0,icp_pt2pt,medium,7,4.262868953673526,0.003873861185304711,False,1.0,0.000598,4360,itodd_bracket_screw.ply,0.094265,0.000943,6287,5344
bracket_screw,0,icp_pt2pl,medium,7,0.031423605275623406,0.000140081229751489,True,1.0,0.000396,4360,itodd_bracket_screw.ply,0.094265,0.000943,6287,5344
bracket_screw,0,fpfh_ransac,medium,7,0.03290853946594851,0.00014958232111577383,True,1.0,0.000396,4360,itodd_bracket_screw.ply,0.094265,0.000943,6287,5344
bracket_screw,0,fgr,medium,7,43.22429871236661,0.06102387762465424,False,0.737156,0.000684,3214,itodd_bracket_screw.ply,0.094265,0.000943,6287,5344
bracket_screw,0,icp_pt2pt,medium,8,20.9136527509993,0.1107897704965553,False,0.331944,0.000916,1434,itodd_bracket_screw.ply,0.094265,0.000943,6287,5344
bracket_screw,0,icp_pt2pl,medium,8,24.132202183505747,0.09582531113047918,False,0.63287,0.000755,2734,itodd_bracket_screw.ply,0.094265,0.000943,6287,5344
bracket_screw,0,fpfh_ransac,medium,8,0.03394076730748668,0.00030987419548428574,True,1.0,0.000393,4320,itodd_bracket_screw.ply,0.094265,0.000943,6287,5344
bracket_screw,0,fgr,medium,8,0.028026047102649592,0.0002666855555516149,True,1.0,0.000393,4320,itodd_bracket_screw.ply,0.094265,0.000943,6287,5344
bracket_screw,0,icp_pt2pt,medium,9,38.81666028426965,0.07559606628156479,False,0.578027,0.000699,2478,itodd_bracket_screw.ply,0.094265,0.000943,6287,5344
bracket_screw,0,icp_pt2pl,medium,9,0.030617715728707834,0.00016959195555817623,True,1.0,0.000394,4287,itodd_bracket_screw.ply,0.094265,0.000943,6287,5344
bracket_screw,0,fpfh_ransac,medium,9,0.021903339441620984,0.00010890369783529718,True,1.0,0.000394,4287,itodd_bracket_screw.ply,0.094265,0.000943,6287,5344
bracket_screw,0,fgr,medium,9,0.021900193715720336,0.00011006149285103371,True,1.0,0.000394,4287,itodd_bracket_screw.ply,0.094265,0.000943,6287,5344
bracket_screw,0,icp_pt2pt,medium,10,19.022519867039637,0.04578054830963643,False,0.748736,0.000913,3257,itodd_bracket_screw.ply,0.094265,0.000943,6287,5344
bracket_screw,0,icp_pt2pl,medium,10,0.04756189184829842,0.00017099220551462194,True,1.0,0.000394,4350,itodd_bracket_screw.ply,0.094265,0.000943,6287,5344
bracket_screw,0,fpfh_ransac,medium,10,0.04628478398041067,0.0001959423007009167,True,1.0,0.000394,4350,itodd_bracket_screw.ply,0.094265,0.000943,6287,5344
bracket_screw,0,fgr,medium,10,0.04595524494273636,0.00016755995793819674,True,1.0,0.000394,4350,itodd_bracket_screw.ply,0.094265,0.000943,6287,5344
bracket_screw,0,icp_pt2pt,medium,11,0.66760071406483,0.042354331945532876,False,0.942737,0.000601,4050,itodd_bracket_screw.ply,0.094265,0.000943,6287,5344
bracket_screw,0,icp_pt2pl,medium,11,0.042032562888155524,0.0002037075522795678,True,1.0,0.000395,4296,itodd_bracket_screw.ply,0.094265,0.000943,6287,5344
bracket_screw,0,fpfh_ransac,medium,11,0.029728631925800417,0.00015529162827832658,True,1.0,0.000395,4296,itodd_bracket_screw.ply,0.094265,0.000943,6287,5344
bracket_screw,0,fgr,medium,11,0.02930885170134521,0.0001529119411972408,True,1.0,0.000395,4296,itodd_bracket_screw.ply,0.094265,0.000943,6287,5344
bracket_screw,0,icp_pt2pt,medium,12,51.07437616086775,0.2772286778068421,False,0.130213,0.001099,562,itodd_bracket_screw.ply,0.094265,0.000943,6287,5344
bracket_screw,0,icp_pt2pl,medium,12,25.565006409894423,0.11810251606758466,False,0.289388,0.001036,1249,itodd_bracket_screw.ply,0.094265,0.000943,6287,5344
bracket_screw,0,fpfh_ransac,medium,12,0.08725717413247977,0.00040830342550230553,True,1.0,0.000395,4316,itodd_bracket_screw.ply,0.094265,0.000943,6287,5344
bracket_screw,0,fgr,medium,12,0.07980127835342024,0.0003641361375772928,True,1.0,0.000395,4316,itodd_bracket_screw.ply,0.094265,0.000943,6287,5344
bracket_screw,0,icp_pt2pt,medium,13,7.194233103169618,0.025680269048240126,False,0.935945,0.000697,4062,itodd_bracket_screw.ply,0.094265,0.000943,6287,5344
bracket_screw,0,icp_pt2pl,medium,13,0.020738911769475232,0.00012647081697238357,True,1.0,0.000393,4340,itodd_bracket_screw.ply,0.094265,0.000943,6287,5344
bracket_screw,0,fpfh_ransac,medium,13,0.019200487090385288,0.00011425171074190618,True,1.0,0.000393,4340,itodd_bracket_screw.ply,0.094265,0.000943,6287,5344
bracket_screw,0,fgr,medium,13,0.022670216070235415,0.00012879510098863284,True,1.0,0.000393,4340,itodd_bracket_screw.ply,0.094265,0.000943,6287,5344
bracket_screw,0,icp_pt2pt,medium,14,6.42292850973191,0.02305350135607471,False,0.900409,0.000868,3960,itodd_bracket_screw.ply,0.094265,0.000943,6287,5344
bracket_screw,0,icp_pt2pl,medium,14,0.021151630461005422,0.00012403513648960427,True,1.0,0.000391,4398,itodd_bracket_screw.ply,0.094265,0.000943,6287,5344
bracket_screw,0,fpfh_ransac,medium,14,0.026023667221970474,9.866665985358855e-05,True,1.0,0.000391,4398,itodd_bracket_screw.ply,0.094265,0.000943,6287,5344
bracket_screw,0,fgr,medium,14,0.021600698260220683,0.00011081389591612197,True,1.0,0.000391,4398,itodd_bracket_screw.ply,0.094265,0.000943,6287,5344
bracket_screw,0,icp_pt2pt,medium,15,0.04705605234967995,0.0001689103638762817,True,1.0,0.000396,4295,itodd_bracket_screw.ply,0.094265,0.000943,6287,5344
bracket_screw,0,icp_pt2pl,medium,15,0.02996893766809586,0.00010038681001984566,True,1.0,0.000396,4295,itodd_bracket_screw.ply,0.094265,0.000943,6287,5344
bracket_screw,0,fpfh_ransac,medium,15,0.030995443608460318,0.00011778150668081226,True,1.0,0.000396,4295,itodd_bracket_screw.ply,0.094265,0.000943,6287,5344
bracket_screw,0,fgr,medium,15,0.031179375039496877,0.0001259782768298197,True,1.0,0.000396,4295,itodd_bracket_screw.ply,0.094265,0.000943,6287,5344
bracket_screw,0,icp_pt2pt,medium,16,1.945394904080607,0.0039905383247440486,True,1.0,0.000502,4344,itodd_bracket_screw.ply,0.094265,0.000943,6287,5344
bracket_screw,0,icp_pt2pl,medium,16,0.029073338580763382,0.00018385603390196517,True,1.0,0.000392,4344,itodd_bracket_screw.ply,0.094265,0.000943,6287,5344
bracket_screw,0,fpfh_ransac,medium,16,0.029494169027963344,0.0002251058126126007,True,1.0,0.000392,4344,itodd_bracket_screw.ply,0.094265,0.000943,6287,5344
bracket_screw,0,fgr,medium,16,0.029967942774735242,0.00021519555812801492,True,1.0,0.000392,4344,itodd_bracket_screw.ply,0.094265,0.000943,6287,5344
bracket_screw,0,icp_pt2pt,medium,17,32.000676955341916,0.08934213842193754,False,0.492513,0.000709,2138,itodd_bracket_screw.ply,0.094265,0.000943,6287,5344
bracket_screw,0,icp_pt2pl,medium,17,0.022244694525578805,3.498831443893613e-05,True,1.0,0.000396,4341,itodd_bracket_screw.ply,0.094265,0.000943,6287,5344
bracket_screw,0,fpfh_ransac,medium,17,0.020409508283565914,3.715255037566609e-05,True,1.0,0.000396,4341,itodd_bracket_screw.ply,0.094265,0.000943,6287,5344
bracket_screw,0,fgr,medium,17,0.02075470281116668,3.3627958173237376e-05,True,1.0,0.000396,4341,itodd_bracket_screw.ply,0.094265,0.000943,6287,5344
bracket_screw,0,icp_pt2pt,medium,18,7.75974548489108,0.11830461829653714,False,0.36967,0.000788,1604,itodd_bracket_screw.ply,0.094265,0.000943,6287,5344
bracket_screw,0,icp_pt2pl,medium,18,0.052788470805769414,0.00030748696305803175,True,1.0,0.000393,4339,itodd_bracket_screw.ply,0.094265,0.000943,6287,5344
bracket_screw,0,fpfh_ransac,medium,18,0.05144384250186476,0.0003066172410840621,True,1.0,0.000393,4339,itodd_bracket_screw.ply,0.094265,0.000943,6287,5344
bracket_screw,0,fgr,medium,18,0.05437667532487444,0.0003126537103116291,True,1.0,0.000393,4339,itodd_bracket_screw.ply,0.094265,0.000943,6287,5344
bracket_screw,0,icp_pt2pt,medium,19,29.56768268504629,0.1067935242121612,False,0.469857,0.001001,2042,itodd_bracket_screw.ply,0.094265,0.000943,6287,5344
bracket_screw,0,icp_pt2pl,medium,19,0.03506046233440167,0.0001350898638749998,True,1.0,0.000393,4346,itodd_bracket_screw.ply,0.094265,0.000943,6287,5344
bracket_screw,0,fpfh_ransac,medium,19,0.035864997795722726,0.00015581618152110145,True,1.0,0.000393,4346,itodd_bracket_screw.ply,0.094265,0.000943,6287,5344
bracket_screw,0,fgr,medium,19,0.037640896772729304,0.00016323481378011052,True,1.0,0.000393,4346,itodd_bracket_screw.ply,0.094265,0.000943,6287,5344
bracket_screw,0,icp_pt2pt,medium,20,8.456286565105117,0.0678808163697307,False,0.695159,0.000743,3001,itodd_bracket_screw.ply,0.094265,0.000943,6287,5344
bracket_screw,0,icp_pt2pl,medium,20,0.08826375579592823,0.00026629035424986173,True,1.0,0.000397,4317,itodd_bracket_screw.ply,0.094265,0.000943,6287,5344
bracket_screw,0,fpfh_ransac,medium,20,0.09098493792654543,0.0002598673053821943,True,1.0,0.000397,4317,itodd_bracket_screw.ply,0.094265,0.000943,6287,5344
bracket_screw,0,fgr,medium,20,0.08497283235900994,0.00023803332815475805,True,1.0,0.000397,4317,itodd_bracket_screw.ply,0.094265,0.000943,6287,5344
bracket_screw,0,icp_pt2pt,medium,21,7.368663196891478,0.03192358213909815,False,0.861731,0.000888,3783,itodd_bracket_screw.ply,0.094265,0.000943,6287,5344
bracket_screw,0,icp_pt2pl,medium,21,0.025244595908663247,0.0003408988253942977,True,1.0,0.000395,4390,itodd_bracket_screw.ply,0.094265,0.000943,6287,5344
bracket_screw,0,fpfh_ransac,medium,21,0.02502997241006029,0.0003344537875800182,True,1.0,0.000395,4390,itodd_bracket_screw.ply,0.094265,0.000943,6287,5344
bracket_screw,0,fgr,medium,21,0.029920334119266215,0.0002622732020967888,True,1.0,0.000395,4390,itodd_bracket_screw.ply,0.094265,0.000943,6287,5344
bracket_screw,0,icp_pt2pt,medium,22,0.032629940562304414,0.00016122375878163328,True,1.0,0.000391,4384,itodd_bracket_screw.ply,0.094265,0.000943,6287,5344
bracket_screw,0,icp_pt2pl,medium,22,0.07120214233916439,2.2371210043114693e-05,True,1.0,0.000391,4384,itodd_bracket_screw.ply,0.094265,0.000943,6287,5344
bracket_screw,0,fpfh_ransac,medium,22,0.07111151455436955,3.554901138549135e-05,True,1.0,0.000391,4384,itodd_bracket_screw.ply,0.094265,0.000943,6287,5344
bracket_screw,0,fgr,medium,22,0.06989131225529967,3.552305408712859e-05,True,1.0,0.000391,4384,itodd_bracket_screw.ply,0.094265,0.000943,6287,5344
bracket_screw,0,icp_pt2pt,medium,23,2.8455357417885794,0.12435024618569367,False,0.447726,0.000793,1910,itodd_bracket_screw.ply,0.094265,0.000943,6287,5344
bracket_screw,0,icp_pt2pl,medium,23,43.24510064266971,0.06877198596905613,False,0.304266,0.000978,1298,itodd_bracket_screw.ply,0.094265,0.000943,6287,5344
bracket_screw,0,fpfh_ransac,medium,23,0.025471872881778053,9.141860447154262e-05,True,1.0,0.000394,4266,itodd_bracket_screw.ply,0.094265,0.000943,6287,5344
bracket_screw,0,fgr,medium,23,0.02450127560640501,9.971804494297046e-05,True,1.0,0.000394,4266,itodd_bracket_screw.ply,0.094265,0.000943,6287,5344
bracket_screw,0,icp_pt2pt,medium,24,24.596167266077053,0.11836353395749136,False,0.452952,0.000978,1964,itodd_bracket_screw.ply,0.094265,0.000943,6287,5344
bracket_screw,0,icp_pt2pl,medium,24,6.313271337557617,0.03010957939805766,False,0.891605,0.000833,3866,itodd_bracket_screw.ply,0.094265,0.000943,6287,5344
bracket_screw,0,fpfh_ransac,medium,24,0.04058804012625687,0.00010441282062432076,True,1.0,0.000391,4336,itodd_bracket_screw.ply,0.094265,0.000943,6287,5344
bracket_screw,0,fgr,medium,24,0.03924502663750592,0.00010462766945702675,True,1.0,0.000391,4336,itodd_bracket_screw.ply,0.094265,0.000943,6287,5344
bracket_screw,0,icp_pt2pt,medium,25,4.044618815281611,0.17102473845035546,False,0.370447,0.00069,1607,itodd_bracket_screw.ply,0.094265,0.000943,6287,5344
bracket_screw,0,icp_pt2pl,medium,25,4.119517360755477,0.09774653776756886,False,0.497464,0.000689,2158,itodd_bracket_screw.ply,0.094265,0.000943,6287,5344
bracket_screw,0,fpfh_ransac,medium,25,0.04469706220014997,0.0001929285229669036,True,1.0,0.000394,4338,itodd_bracket_screw.ply,0.094265,0.000943,6287,5344
bracket_screw,0,fgr,medium,25,0.04544181030931895,0.00019601770320059676,True,1.0,0.000394,4338,itodd_bracket_screw.ply,0.094265,0.000943,6287,5344
bracket_screw,0,icp_pt2pt,medium,26,18.259121974226016,0.16828935556857458,False,0.292086,0.000747,1277,itodd_bracket_screw.ply,0.094265,0.000943,6287,5344
bracket_screw,0,icp_pt2pl,medium,26,0.2833254831662506,0.0016178034431583868,True,1.0,0.000403,4372,itodd_bracket_screw.ply,0.094265,0.000943,6287,5344
bracket_screw,0,fpfh_ransac,medium,26,0.02662586888978203,0.00016870680600547666,True,1.0,0.000395,4372,itodd_bracket_screw.ply,0.094265,0.000943,6287,5344
bracket_screw,0,fgr,medium,26,0.027302651044262074,0.0002067835451589007,True,1.0,0.000395,4372,itodd_bracket_screw.ply,0.094265,0.000943,6287,5344
bracket_screw,0,icp_pt2pt,medium,27,16.031165540359098,0.11390160315736314,False,0.451362,0.000728,1972,itodd_bracket_screw.ply,0.094265,0.000943,6287,5344
bracket_screw,0,icp_pt2pl,medium,27,0.035292506864010316,0.00036260557641234906,True,1.0,0.000394,4369,itodd_bracket_screw.ply,0.094265,0.000943,6287,5344
bracket_screw,0,fpfh_ransac,medium,27,0.034446289010873675,0.0003778406308051538,True,1.0,0.000394,4369,itodd_bracket_screw.ply,0.094265,0.000943,6287,5344
bracket_screw,0,fgr,medium,27,0.03496520860535859,0.0003573339922746058,True,1.0,0.000394,4369,itodd_bracket_screw.ply,0.094265,0.000943,6287,5344
bracket_screw,0,icp_pt2pt,medium,28,30.471204577944835,0.059885984874231184,False,0.552112,0.000919,2405,itodd_bracket_screw.ply,0.094265,0.000943,6287,5344
bracket_screw,0,icp_pt2pl,medium,28,0.0447759447620556,9.432961436497024e-05,True,1.0,0.000394,4356,itodd_bracket_screw.ply,0.094265,0.000943,6287,5344
bracket_screw,0,fpfh_ransac,medium,28,0.043043488998929846,9.75089598877737e-05,True,1.0,0.000394,4356,itodd_bracket_screw.ply,0.094265,0.000943,6287,5344
bracket_screw,0,fgr,medium,28,0.051978920732927626,0.00012238491128865978,True,1.0,0.000394,4356,itodd_bracket_screw.ply,0.094265,0.000943,6287,5344
bracket_screw,0,icp_pt2pt,medium,29,5.81754881524895,0.02426872312239184,False,0.951102,0.000678,4143,itodd_bracket_screw.ply,0.094265,0.000943,6287,5344
bracket_screw,0,icp_pt2pl,medium,29,0.053633464906725395,0.00017306430499601722,True,1.0,0.000394,4356,itodd_bracket_screw.ply,0.094265,0.000943,6287,5344
bracket_screw,0,fpfh_ransac,medium,29,0.05575248040051489,0.0002388104460839236,True,1.0,0.000394,4356,itodd_bracket_screw.ply,0.094265,0.000943,6287,5344
bracket_screw,0,fgr,medium,29,0.05181091465979631,0.0002088229117669801,True,1.0,0.000394,4356,itodd_bracket_screw.ply,0.094265,0.000943,6287,5344
bracket_screw,1,icp_pt2pt,medium,0,22.590522453417645,0.1876909976612957,False,0.200892,0.000692,1442,itodd_bracket_screw.ply,0.094265,0.000943,6287,8344
bracket_screw,1,icp_pt2pl,medium,0,9.322879127864601,0.06887863452971496,False,0.315408,0.000684,2264,itodd_bracket_screw.ply,0.094265,0.000943,6287,8344
bracket_screw,1,fpfh_ransac,medium,0,0.014052172476472231,0.00013746559928740431,True,0.604207,0.000393,4337,itodd_bracket_screw.ply,0.094265,0.000943,6287,8344
bracket_screw,1,fgr,medium,0,0.015259004611857968,0.00010264245531455147,True,0.604207,0.000393,4337,itodd_bracket_screw.ply,0.094265,0.000943,6287,8344
bracket_screw,1,icp_pt2pt,medium,1,3.441041168101686,0.008406016170344657,False,0.579171,0.000682,4232,itodd_bracket_screw.ply,0.094265,0.000943,6287,8344
bracket_screw,1,icp_pt2pl,medium,1,0.05300541774376341,0.00031297271848296264,True,0.596414,0.000397,4358,itodd_bracket_screw.ply,0.094265,0.000943,6287,8344
bracket_screw,1,fpfh_ransac,medium,1,0.056933003198407446,0.00031578035161368916,True,0.596414,0.000397,4358,itodd_bracket_screw.ply,0.094265,0.000943,6287,8344
bracket_screw,1,fgr,medium,1,0.057773722179636645,0.00030617890244050795,True,0.596414,0.000397,4358,itodd_bracket_screw.ply,0.094265,0.000943,6287,8344
bracket_screw,1,icp_pt2pt,medium,2,7.600447809698934,0.11486154012158838,False,0.22377,0.000773,1638,itodd_bracket_screw.ply,0.094265,0.000943,6287,8344
bracket_screw,1,icp_pt2pl,medium,2,0.031042748726408432,0.0001181623004907255,True,0.595492,0.000393,4359,itodd_bracket_screw.ply,0.094265,0.000943,6287,8344
bracket_screw,1,fpfh_ransac,medium,2,0.032818217841909136,9.495123747644926e-05,True,0.595492,0.000393,4359,itodd_bracket_screw.ply,0.094265,0.000943,6287,8344
bracket_screw,1,fgr,medium,2,41.18343256284823,0.2886501128132291,False,0.104918,0.001024,768,itodd_bracket_screw.ply,0.094265,0.000943,6287,8344
bracket_screw,1,icp_pt2pt,medium,3,0.0485462729112166,0.00016476573034878732,True,0.606832,0.000397,4388,itodd_bracket_screw.ply,0.094265,0.000943,6287,8344
bracket_screw,1,icp_pt2pl,medium,3,0.06596729027953675,0.00026175567876451813,True,0.606832,0.000398,4388,itodd_bracket_screw.ply,0.094265,0.000943,6287,8344
bracket_screw,1,fpfh_ransac,medium,3,179.99389139102016,0.07054730220544307,False,0.576822,0.000548,4171,itodd_bracket_screw.ply,0.094265,0.000943,6287,8344
bracket_screw,1,fgr,medium,3,18.78131257868061,0.2777799824471369,False,0.01701,0.000899,123,itodd_bracket_screw.ply,0.094265,0.000943,6287,8344
bracket_screw,1,icp_pt2pt,medium,4,18.081362637826754,0.09846556207778646,False,0.263562,0.000962,1924,itodd_bracket_screw.ply,0.094265,0.000943,6287,8344
bracket_screw,1,icp_pt2pl,medium,4,0.029046637301247045,0.00013857845586644882,True,0.596164,0.000395,4352,itodd_bracket_screw.ply,0.094265,0.000943,6287,8344
bracket_screw,1,fpfh_ransac,medium,4,179.76896025323896,0.3118333886199055,False,0.549041,0.000562,4008,itodd_bracket_screw.ply,0.094265,0.000943,6287,8344
bracket_screw,1,fgr,medium,4,0.026491794695715776,0.00013631091941606994,True,0.596164,0.000395,4352,itodd_bracket_screw.ply,0.094265,0.000943,6287,8344
bracket_screw,1,icp_pt2pt,medium,5,32.573981784084324,0.12565059359636802,False,0.25473,0.000762,1656,itodd_bracket_screw.ply,0.094265,0.000943,6287,8344
bracket_screw,1,icp_pt2pl,medium,5,0.06651632443164635,0.00015181160605980386,True,0.668666,0.000392,4347,itodd_bracket_screw.ply,0.094265,0.000943,6287,8344
bracket_screw,1,fpfh_ransac,medium,5,162.5112414240731,0.23168557859585578,False,0.309337,0.000756,2011,itodd_bracket_screw.ply,0.094265,0.000943,6287,8344
bracket_screw,1,fgr,medium,5,39.488641116249745,0.32271757120514255,False,0.0,0.0,0,itodd_bracket_screw.ply,0.094265,0.000943,6287,8344
bracket_screw,1,icp_pt2pt,medium,6,33.97593555538002,0.037073001346639406,False,0.37234,0.000755,2625,itodd_bracket_screw.ply,0.094265,0.000943,6287,8344
bracket_screw,1,icp_pt2pl,medium,6,0.04331954416934203,0.0002445767521650807,True,0.616596,0.00039,4347,itodd_bracket_screw.ply,0.094265,0.000943,6287,8344
bracket_screw,1,fpfh_ransac,medium,6,0.04732559050269138,0.00025888518018618426,True,0.616596,0.00039,4347,itodd_bracket_screw.ply,0.094265,0.000943,6287,8344
bracket_screw,1,fgr,medium,6,179.91368004159906,0.09452800356411067,False,0.537163,0.000555,3787,itodd_bracket_screw.ply,0.094265,0.000943,6287,8344
bracket_screw,1,icp_pt2pt,medium,7,21.69294432207629,0.10184739645627935,False,0.31221,0.000976,2020,itodd_bracket_screw.ply,0.094265,0.000943,6287,8344
bracket_screw,1,icp_pt2pl,medium,7,0.08290344427225242,0.0005594317494073091,True,0.667697,0.000391,4320,itodd_bracket_screw.ply,0.094265,0.000943,6287,8344
bracket_screw,1,fpfh_ransac,medium,7,0.0832166557830069,0.00048746038673664715,True,0.667697,0.00039,4320,itodd_bracket_screw.ply,0.094265,0.000943,6287,8344
bracket_screw,1,fgr,medium,7,0.08300679729288926,0.0005560507557934763,True,0.667697,0.000391,4320,itodd_bracket_screw.ply,0.094265,0.000943,6287,8344
bracket_screw,1,icp_pt2pt,medium,8,24.07700067172663,0.16507104821123308,False,0.04131,0.001059,299,itodd_bracket_screw.ply,0.094265,0.000943,6287,8344
bracket_screw,1,icp_pt2pl,medium,8,127.02343301136177,0.36256678020220634,False,0.202542,0.000912,1466,itodd_bracket_screw.ply,0.094265,0.000943,6287,8344
bracket_screw,1,fpfh_ransac,medium,8,0.02043710514611161,0.00013557514478466454,True,0.60514,0.000393,4380,itodd_bracket_screw.ply,0.094265,0.000943,6287,8344
bracket_screw,1,fgr,medium,8,0.022010563187354535,0.00014444527806231925,True,0.60514,0.000393,4380,itodd_bracket_screw.ply,0.094265,0.000943,6287,8344
bracket_screw,1,icp_pt2pt,medium,9,29.546080218692627,0.11836844330225409,False,0.337119,0.000971,1870,itodd_bracket_screw.ply,0.094265,0.000943,6287,8344
bracket_screw,1,icp_pt2pl,medium,9,5.874758371227138,0.023248656372263192,False,0.72093,0.000859,3999,itodd_bracket_screw.ply,0.094265,0.000943,6287,8344
bracket_screw,1,fpfh_ransac,medium,9,0.03432392490973129,0.00019531005266905382,True,0.78565,0.000394,4358,itodd_bracket_screw.ply,0.094265,0.000943,6287,8344
bracket_screw,1,fgr,medium,9,0.034184819846717195,0.00018069587107820905,True,0.78565,0.000394,4358,itodd_bracket_screw.ply,0.094265,0.000943,6287,8344
bracket_screw,1,icp_pt2pt,medium,10,0.6770749131479197,0.1160385572189274,False,0.318377,0.000665,2072,itodd_bracket_screw.ply,0.094265,0.000943,6287,8344
bracket_screw,1,icp_pt2pl,medium,10,0.5523646364966361,0.021314329040576747,False,0.600184,0.000733,3906,itodd_bracket_screw.ply,0.094265,0.000943,6287,8344
bracket_screw,1,fpfh_ransac,medium,10,43.28561570227976,0.1437338980831989,False,0.446681,0.000923,2907,itodd_bracket_screw.ply,0.094265,0.000943,6287,8344
bracket_screw,1,fgr,medium,10,0.056184670802299407,0.00017550380061366085,True,0.67102,0.000392,4367,itodd_bracket_screw.ply,0.094265,0.000943,6287,8344
bracket_screw,1,icp_pt2pt,medium,11,3.372202428754642,0.03287682684057317,False,0.564199,0.000688,4047,itodd_bracket_screw.ply,0.094265,0.000943,6287,8344
bracket_screw,1,icp_pt2pl,medium,11,0.05597339915325703,8.291231536461498e-05,True,0.60184,0.000395,4317,itodd_bracket_screw.ply,0.094265,0.000943,6287,8344
bracket_screw,1,fpfh_ransac,medium,11,149.57693797741933,0.15115485208718693,False,0.290673,0.000725,2085,itodd_bracket_screw.ply,0.094265,0.000943,6287,8344
bracket_screw,1,fgr,medium,11,0.05478420321412622,8.380207329040529e-05,True,0.60184,0.000395,4317,itodd_bracket_screw.ply,0.094265,0.000943,6287,8344
bracket_screw,1,icp_pt2pt,medium,12,20.27782875853577,0.07764808838377568,False,0.379893,0.000935,2766,itodd_bracket_screw.ply,0.094265,0.000943,6287,8344
bracket_screw,1,icp_pt2pl,medium,12,0.03932315812489247,0.00024821196825914655,True,0.594699,0.000391,4330,itodd_bracket_screw.ply,0.094265,0.000943,6287,8344
bracket_screw,1,fpfh_ransac,medium,12,0.043213452317578706,0.0002648532899851547,True,0.594699,0.000391,4330,itodd_bracket_screw.ply,0.094265,0.000943,6287,8344
bracket_screw,1,fgr,medium,12,26.844197614819905,0.09954129897608863,False,0.408048,0.000706,2971,itodd_bracket_screw.ply,0.094265,0.000943,6287,8344
bracket_screw,1,icp_pt2pt,medium,13,1.8278067811122773,0.03494920965624843,False,0.565572,0.000666,4097,itodd_bracket_screw.ply,0.094265,0.000943,6287,8344
bracket_screw,1,icp_pt2pl,medium,13,0.06764578084971438,0.00014792161207576574,True,0.594009,0.000401,4303,itodd_bracket_screw.ply,0.094265,0.000943,6287,8344
bracket_screw,1,fpfh_ransac,medium,13,179.78870413474132,0.10620569479979933,False,0.547488,0.000557,3966,itodd_bracket_screw.ply,0.094265,0.000943,6287,8344
bracket_screw,1,fgr,medium,13,0.06849795182331463,0.00015271554867981595,True,0.594009,0.000401,4303,itodd_bracket_screw.ply,0.094265,0.000943,6287,8344
bracket_screw,1,icp_pt2pt,medium,14,6.544635466436222,0.16355289137765847,False,0.234317,0.000738,1509,itodd_bracket_screw.ply,0.094265,0.000943,6287,8344
bracket_screw,1,icp_pt2pl,medium,14,2.8458661030391488,0.0144650144158207,False,0.66941,0.000665,4311,itodd_bracket_screw.ply,0.094265,0.000943,6287,8344
bracket_screw,1,fpfh_ransac,medium,14,0.06193863700345372,0.0001132365028458662,True,0.669565,0.00039,4312,itodd_bracket_screw.ply,0.094265,0.000943,6287,8344
bracket_screw,1,fgr,medium,14,12.61637776374459,0.017382816335412207,False,0.618323,0.00069,3982,itodd_bracket_screw.ply,0.094265,0.000943,6287,8344
bracket_screw,1,icp_pt2pt,medium,15,22.592592846230023,0.03978949553127211,False,0.438983,0.00073,2849,itodd_bracket_screw.ply,0.094265,0.000943,6287,8344
bracket_screw,1,icp_pt2pl,medium,15,0.06796840499447167,0.0001329023721472158,True,0.669646,0.000391,4346,itodd_bracket_screw.ply,0.094265,0.000943,6287,8344
bracket_screw,1,fpfh_ransac,medium,15,0.07024975517855156,6.669786287752052e-05,True,0.669646,0.000392,4346,itodd_bracket_screw.ply,0.094265,0.000943,6287,8344
bracket_screw,1,fgr,medium,15,0.07269941061676836,0.00011296262783674297,True,0.669646,0.000391,4346,itodd_bracket_screw.ply,0.094265,0.000943,6287,8344
bracket_screw,1,icp_pt2pt,medium,16,13.980831658520044,0.07987897433930308,False,0.398696,0.000718,2873,itodd_bracket_screw.ply,0.094265,0.000943,6287,8344
bracket_screw,1,icp_pt2pl,medium,16,0.33481445631093637,0.0014172090858363632,True,0.591174,0.000407,4260,itodd_bracket_screw.ply,0.094265,0.000943,6287,8344
bracket_screw,1,fpfh_ransac,medium,16,0.10237858273456964,0.0001705519953542851,True,0.591174,0.000394,4260,itodd_bracket_screw.ply,0.094265,0.000943,6287,8344
bracket_screw,1,fgr,medium,16,0.10172758903655782,0.00017257158602427948,True,0.591174,0.000394,4260,itodd_bracket_screw.ply,0.094265,0.000943,6287,8344
bracket_screw,1,icp_pt2pt,medium,17,3.388937318193986,0.16912765583644868,False,0.192536,0.000752,1362,itodd_bracket_screw.ply,0.094265,0.000943,6287,8344
bracket_screw,1,icp_pt2pl,medium,17,5.403108988691464,0.030790844738178575,False,0.464235,0.000819,3284,itodd_bracket_screw.ply,0.094265,0.000943,6287,8344
bracket_screw,1,fpfh_ransac,medium,17,179.92172910535183,0.33690038382768867,False,0.537885,0.000552,3805,itodd_bracket_screw.ply,0.094265,0.000943,6287,8344
bracket_screw,1,fgr,medium,17,0.05273744779837447,0.00014226632556814552,True,0.618179,0.000395,4373,itodd_bracket_screw.ply,0.094265,0.000943,6287,8344
bracket_screw,1,icp_pt2pt,medium,18,0.7868806444454045,0.0041005535123513,True,0.793318,0.000481,4345,itodd_bracket_screw.ply,0.094265,0.000943,6287,8344
bracket_screw,1,icp_pt2pl,medium,18,0.06695492007547345,5.80872304028745e-05,True,0.793318,0.000393,4345,itodd_bracket_screw.ply,0.094265,0.000943,6287,8344
bracket_screw,1,fpfh_ransac,medium,18,0.06786773591442744,5.7633166985549285e-05,True,0.793318,0.000393,4345,itodd_bracket_screw.ply,0.094265,0.000943,6287,8344
bracket_screw,1,fgr,medium,18,0.06277881142762042,6.519816055699189e-05,True,0.793318,0.000393,4345,itodd_bracket_screw.ply,0.094265,0.000943,6287,8344
bracket_screw,1,icp_pt2pt,medium,19,10.469137872393588,0.0199306815544697,False,0.554071,0.000659,3981,itodd_bracket_screw.ply,0.094265,0.000943,6287,8344
bracket_screw,1,icp_pt2pl,medium,19,0.05297165972667951,0.00012011695545164123,True,0.602227,0.000394,4327,itodd_bracket_screw.ply,0.094265,0.000943,6287,8344
bracket_screw,1,fpfh_ransac,medium,19,0.05300082771106546,0.00011299774631783212,True,0.602227,0.000394,4327,itodd_bracket_screw.ply,0.094265,0.000943,6287,8344
bracket_screw,1,fgr,medium,19,178.98951114824357,0.20830770800239562,False,0.37453,0.000604,2691,itodd_bracket_screw.ply,0.094265,0.000943,6287,8344
bracket_screw,1,icp_pt2pt,medium,20,14.040287509607127,0.18480350742696414,False,0.184093,0.000718,1324,itodd_bracket_screw.ply,0.094265,0.000943,6287,8344
bracket_screw,1,icp_pt2pl,medium,20,0.6047695871408905,0.07362713273218766,False,0.329394,0.000648,2369,itodd_bracket_screw.ply,0.094265,0.000943,6287,8344
bracket_screw,1,fpfh_ransac,medium,20,0.06604468823498742,0.0004441097640145073,True,0.603865,0.0004,4343,itodd_bracket_screw.ply,0.094265,0.000943,6287,8344
bracket_screw,1,fgr,medium,20,0.060396844405063384,0.00038530626525099595,True,0.603726,0.000399,4342,itodd_bracket_screw.ply,0.094265,0.000943,6287,8344
bracket_screw,1,icp_pt2pt,medium,21,29.81755975986253,0.1038868254870709,False,0.232974,0.000913,1707,itodd_bracket_screw.ply,0.094265,0.000943,6287,8344
bracket_screw,1,icp_pt2pl,medium,21,0.040733354516599964,0.00017131469929323,True,0.596015,0.000395,4367,itodd_bracket_screw.ply,0.094265,0.000943,6287,8344
bracket_screw,1,fpfh_ransac,medium,21,179.9432998256529,0.26816591117419586,False,0.52095,0.000539,3817,itodd_bracket_screw.ply,0.094265,0.000943,6287,8344
bracket_screw,1,fgr,medium,21,20.527561383519735,0.11307424723169619,False,0.446567,0.000763,3272,itodd_bracket_screw.ply,0.094265,0.000943,6287,8344
bracket_screw,1,icp_pt2pt,medium,22,27.053566912254393,0.007512346332160541,False,0.437229,0.000738,2821,itodd_bracket_screw.ply,0.094265,0.000943,6287,8344
bracket_screw,1,icp_pt2pl,medium,22,0.03655972013297848,0.00011825227733216815,True,0.669715,0.000394,4321,itodd_bracket_screw.ply,0.094265,0.000943,6287,8344
bracket_screw,1,fpfh_ransac,medium,22,0.036913659214262935,0.0001222304758362893,True,0.669715,0.000394,4321,itodd_bracket_screw.ply,0.094265,0.000943,6287,8344
bracket_screw,1,fgr,medium,22,0.023989051657565007,8.192610587480397e-05,True,0.669715,0.000394,4321,itodd_bracket_screw.ply,0.094265,0.000943,6287,8344
bracket_screw,1,icp_pt2pt,medium,23,17.577446391569154,0.24884319735325983,False,0.0,0.0,0,itodd_bracket_screw.ply,0.094265,0.000943,6287,8344
bracket_screw,1,icp_pt2pl,medium,23,17.577446391569154,0.24884319735325983,False,0.0,0.0,0,itodd_bracket_screw.ply,0.094265,0.000943,6287,8344
bracket_screw,1,fpfh_ransac,medium,23,0.07122640039090636,0.00028563557894929585,True,0.792111,0.000395,4378,itodd_bracket_screw.ply,0.094265,0.000943,6287,8344
bracket_screw,1,fgr,medium,23,0.06671140413542508,0.0002631297992674456,True,0.792111,0.000395,4378,itodd_bracket_screw.ply,0.094265,0.000943,6287,8344
bracket_screw,1,icp_pt2pt,medium,24,1.0409598399255258,0.03300810735555815,False,0.543589,0.000607,3947,itodd_bracket_screw.ply,0.094265,0.000943,6287,8344
bracket_screw,1,icp_pt2pl,medium,24,0.06548069146372489,0.00021861770720222023,True,0.592067,0.000392,4299,itodd_bracket_screw.ply,0.094265,0.000943,6287,8344
bracket_screw,1,fpfh_ransac,medium,24,179.86642023980286,0.11081166201004468,False,0.553505,0.000551,4019,itodd_bracket_screw.ply,0.094265,0.000943,6287,8344
bracket_screw,1,fgr,medium,24,65.70353480574359,0.4929899625804874,False,0.016527,0.000904,120,itodd_bracket_screw.ply,0.094265,0.000943,6287,8344
bracket_screw,1,icp_pt2pt,medium,25,4.736258342079561,0.17159737781286696,False,0.156731,0.000894,1141,itodd_bracket_screw.ply,0.094265,0.000943,6287,8344
bracket_screw,1,icp_pt2pl,medium,25,0.6693249500618348,0.05093799385583529,False,0.265934,0.000677,1936,itodd_bracket_screw.ply,0.094265,0.000943,6287,8344
bracket_screw,1,fpfh_ransac,medium,25,179.92486788495145,0.2506728773048358,False,0.531319,0.000549,3868,itodd_bracket_screw.ply,0.094265,0.000943,6287,8344
bracket_screw,1,fgr,medium,25,0.09553106724620491,0.0002870393741688839,True,0.596154,0.000395,4340,itodd_bracket_screw.ply,0.094265,0.000943,6287,8344
bracket_screw,1,icp_pt2pt,medium,26,4.2377044625227045,0.1997773515175202,False,0.154281,0.000769,1009,itodd_bracket_screw.ply,0.094265,0.000943,6287,8344
bracket_screw,1,icp_pt2pl,medium,26,0.024463893839206597,0.00032128662292911416,True,0.667431,0.000393,4365,itodd_bracket_screw.ply,0.094265,0.000943,6287,8344
bracket_screw,1,fpfh_ransac,medium,26,0.02701139491643137,0.00032905046833658496,True,0.667431,0.000393,4365,itodd_bracket_screw.ply,0.094265,0.000943,6287,8344
bracket_screw,1,fgr,medium,26,0.029408072789371846,0.00014936128562704077,True,0.667431,0.000393,4365,itodd_bracket_screw.ply,0.094265,0.000943,6287,8344
bracket_screw,1,icp_pt2pt,medium,27,2.821209444444168,0.06864695926384819,False,0.357099,0.000696,2319,itodd_bracket_screw.ply,0.094265,0.000943,6287,8344
bracket_screw,1,icp_pt2pl,medium,27,0.03316518089677104,0.00014629055526194643,True,0.668617,0.000398,4342,itodd_bracket_screw.ply,0.094265,0.000943,6287,8344
bracket_screw,1,fpfh_ransac,medium,27,177.7166711687674,0.35378875753547057,False,0.352941,0.000599,2292,itodd_bracket_screw.ply,0.094265,0.000943,6287,8344
bracket_screw,1,fgr,medium,27,0.032732654469398464,0.00014795400104664156,True,0.668617,0.000398,4342,itodd_bracket_screw.ply,0.094265,0.000943,6287,8344
bracket_screw,1,icp_pt2pt,medium,28,1.598453964362854,0.016987815554651342,False,0.774681,0.000701,4253,itodd_bracket_screw.ply,0.094265,0.000943,6287,8344
bracket_screw,1,icp_pt2pl,medium,28,0.05496997365979416,0.00027122315061021106,True,0.796175,0.000395,4371,itodd_bracket_screw.ply,0.094265,0.000943,6287,8344
bracket_screw,1,fpfh_ransac,medium,28,0.052254832873533,0.00031028357303951857,True,0.796175,0.000396,4371,itodd_bracket_screw.ply,0.094265,0.000943,6287,8344
bracket_screw,1,fgr,medium,28,0.058350321330652544,0.00030552144136107475,True,0.796175,0.000396,4371,itodd_bracket_screw.ply,0.094265,0.000943,6287,8344
bracket_screw,1,icp_pt2pt,medium,29,17.47936315748274,0.1386791439079806,False,0.203526,0.000947,1443,itodd_bracket_screw.ply,0.094265,0.000943,6287,8344
bracket_screw,1,icp_pt2pl,medium,29,0.028047004289887288,6.032768687470567e-05,True,0.615938,0.000392,4367,itodd_bracket_screw.ply,0.094265,0.000943,6287,8344
bracket_screw,1,fpfh_ransac,medium,29,34.95766926691133,0.08862869231940271,False,0.477151,0.000704,3383,itodd_bracket_screw.ply,0.094265,0.000943,6287,8344
bracket_screw,1,fgr,medium,29,0.02846134682947584,8.183151530416292e-05,True,0.615938,0.000392,4367,itodd_bracket_screw.ply,0.094265,0.000943,6287,8344
bracket_screw,2,icp_pt2pt,medium,0,1.6463443292453273,0.20649391444021561,False,0.164469,0.000734,1260,itodd_bracket_screw.ply,0.094265,0.000943,6287,11344
bracket_screw,2,icp_pt2pl,medium,0,0.8499741966915003,0.022548795743968262,False,0.476178,0.000782,3648,itodd_bracket_screw.ply,0.094265,0.000943,6287,11344
bracket_screw,2,fpfh_ransac,medium,0,176.49349157368889,0.4657801079630199,False,0.141757,0.000974,1086,itodd_bracket_screw.ply,0.094265,0.000943,6287,11344
bracket_screw,2,fgr,medium,0,5.649092520717723,0.2716749718027051,False,0.0,0.0,0,itodd_bracket_screw.ply,0.094265,0.000943,6287,11344
bracket_screw,2,icp_pt2pt,medium,1,21.833228119331398,0.19836513716352575,False,0.136649,0.000924,1261,itodd_bracket_screw.ply,0.094265,0.000943,6287,11344
bracket_screw,2,icp_pt2pl,medium,1,1.5837260278675065,0.1422231494441707,False,0.184439,0.000687,1702,itodd_bracket_screw.ply,0.094265,0.000943,6287,11344
bracket_screw,2,fpfh_ransac,medium,1,0.060222745856104216,0.00024319470605097188,True,0.472475,0.000396,4360,itodd_bracket_screw.ply,0.094265,0.000943,6287,11344
bracket_screw,2,fgr,medium,1,8.313518842838615,0.20558044141624982,False,0.122237,0.000739,1128,itodd_bracket_screw.ply,0.094265,0.000943,6287,11344
bracket_screw,2,icp_pt2pt,medium,2,5.796065588114287,0.015969056128800417,False,0.430978,0.00088,3965,itodd_bracket_screw.ply,0.094265,0.000943,6287,11344
bracket_screw,2,icp_pt2pl,medium,2,0.07867536112419415,0.00012988224335774723,True,0.469565,0.000395,4320,itodd_bracket_screw.ply,0.094265,0.000943,6287,11344
bracket_screw,2,fpfh_ransac,medium,2,177.15429297485292,0.2596441810759047,False,0.187717,0.000876,1727,itodd_bracket_screw.ply,0.094265,0.000943,6287,11344
bracket_screw,2,fgr,medium,2,0.07008582842639968,0.0001046154354850603,True,0.469565,0.000395,4320,itodd_bracket_screw.ply,0.094265,0.000943,6287,11344
bracket_screw,2,icp_pt2pt,medium,3,1.5535427256491319,0.09702304253869043,False,0.222963,0.000708,1872,itodd_bracket_screw.ply,0.094265,0.000943,6287,11344
bracket_screw,2,icp_pt2pl,medium,3,0.06206186685702385,0.0002082784655907209,True,0.522034,0.000392,4383,itodd_bracket_screw.ply,0.094265,0.000943,6287,11344
bracket_screw,2,fpfh_ransac,medium,3,179.98140416915265,0.2703224334444232,False,0.49738,0.000544,4176,itodd_bracket_screw.ply,0.094265,0.000943,6287,11344
bracket_screw,2,fgr,medium,3,0.90679175466517,0.06691797601682929,False,0.249881,0.000646,2098,itodd_bracket_screw.ply,0.094265,0.000943,6287,11344
bracket_screw,2,icp_pt2pt,medium,4,9.52695359516329,0.03866757746987618,False,0.360905,0.000894,3364,itodd_bracket_screw.ply,0.094265,0.000943,6287,11344
bracket_screw,2,icp_pt2pl,medium,4,0.02717137982561231,0.0001694103397583514,True,0.464006,0.000404,4325,itodd_bracket_screw.ply,0.094265,0.000943,6287,11344
bracket_screw,2,fpfh_ransac,medium,4,0.02830583373324474,0.00016081169132326498,True,0.464006,0.000404,4325,itodd_bracket_screw.ply,0.094265,0.000943,6287,11344
bracket_screw,2,fgr,medium,4,0.01422769072102991,0.00025029808426815716,True,0.464113,0.000405,4326,itodd_bracket_screw.ply,0.094265,0.000943,6287,11344
bracket_screw,2,icp_pt2pt,medium,5,2.5277635018973554,0.012635287271756404,False,0.495903,0.000621,4297,itodd_bracket_screw.ply,0.094265,0.000943,6287,11344
bracket_screw,2,icp_pt2pl,medium,5,0.04093172488476125,0.00012584500236034488,True,0.498788,0.000395,4322,itodd_bracket_screw.ply,0.094265,0.000943,6287,11344
bracket_screw,2,fpfh_ransac,medium,5,0.04448983524644506,0.0001335680829539366,True,0.498788,0.000395,4322,itodd_bracket_screw.ply,0.094265,0.000943,6287,11344
bracket_screw,2,fgr,medium,5,0.04638774775173369,0.0001582254770895936,True,0.498788,0.000395,4322,itodd_bracket_screw.ply,0.094265,0.000943,6287,11344
bracket_screw,2,icp_pt2pt,medium,6,19.997270038144887,0.228228904829494,False,0.0,0.0,0,itodd_bracket_screw.ply,0.094265,0.000943,6287,11344
bracket_screw,2,icp_pt2pl,medium,6,19.997270038144887,0.228228904829494,False,0.0,0.0,0,itodd_bracket_screw.ply,0.094265,0.000943,6287,11344
bracket_screw,2,fpfh_ransac,medium,6,75.5839683248026,0.9550963718270429,False,0.026874,0.000863,270,itodd_bracket_screw.ply,0.094265,0.000943,6287,11344
bracket_screw,2,fgr,medium,6,50.23052492954495,0.16021666158546705,False,0.307256,0.000655,3087,itodd_bracket_screw.ply,0.094265,0.000943,6287,11344
bracket_screw,2,icp_pt2pt,medium,7,39.49007116486824,0.20043574448777782,False,0.059105,0.001004,592,itodd_bracket_screw.ply,0.094265,0.000943,6287,11344
bracket_screw,2,icp_pt2pl,medium,7,81.572635216705,0.2179246581809683,False,0.122804,0.000957,1230,itodd_bracket_screw.ply,0.094265,0.000943,6287,11344
bracket_screw,2,fpfh_ransac,medium,7,0.05707081155681281,5.6827128656258956e-05,True,0.434505,0.000392,4352,itodd_bracket_screw.ply,0.094265,0.000943,6287,11344
bracket_screw,2,fgr,medium,7,0.044285574876633,0.00011001464230954205,True,0.434505,0.000391,4352,itodd_bracket_screw.ply,0.094265,0.000943,6287,11344
bracket_screw,2,icp_pt2pt,medium,8,25.11502049240561,0.21331925047797565,False,0.0,0.0,0,itodd_bracket_screw.ply,0.094265,0.000943,6287,11344
bracket_screw,2,icp_pt2pl,medium,8,25.11502049240561,0.21331925047797565,False,0.0,0.0,0,itodd_bracket_screw.ply,0.094265,0.000943,6287,11344
bracket_screw,2,fpfh_ransac,medium,8,179.87512706666965,0.31333532133474085,False,0.379002,0.000543,3812,itodd_bracket_screw.ply,0.094265,0.000943,6287,11344
bracket_screw,2,fgr,medium,8,0.045286459331176844,0.00017645057516944222,True,0.433386,0.000395,4359,itodd_bracket_screw.ply,0.094265,0.000943,6287,11344
bracket_screw,2,icp_pt2pt,medium,9,2.960065626628694,0.08436862812603352,False,0.190838,0.000636,1933,itodd_bracket_screw.ply,0.094265,0.000943,6287,11344
bracket_screw,2,icp_pt2pl,medium,9,0.023935193256936722,8.148920835429365e-05,True,0.426399,0.000393,4319,itodd_bracket_screw.ply,0.094265,0.000943,6287,11344
bracket_screw,2,fpfh_ransac,medium,9,0.028590765005647743,0.00013605878107170332,True,0.426399,0.000393,4319,itodd_bracket_screw.ply,0.094265,0.000943,6287,11344
bracket_screw,2,fgr,medium,9,0.023316561222369265,8.158778037128639e-05,True,0.426399,0.000393,4319,itodd_bracket_screw.ply,0.094265,0.000943,6287,11344
bracket_screw,2,icp_pt2pt,medium,10,15.023851808567423,0.2076727281745016,False,0.092214,0.000868,912,itodd_bracket_screw.ply,0.094265,0.000943,6287,11344
bracket_screw,2,icp_pt2pl,medium,10,0.2725204720051905,0.0018871857139954081,True,0.438726,0.00042,4339,itodd_bracket_screw.ply,0.094265,0.000943,6287,11344
bracket_screw,2,fpfh_ransac,medium,10,0.059321157946441445,0.00015920430667869785,True,0.438726,0.000396,4339,itodd_bracket_screw.ply,0.094265,0.000943,6287,11344
bracket_screw,2,fgr,medium,10,0.05790344131248109,0.00014525920202633618,True,0.438726,0.000396,4339,itodd_bracket_screw.ply,0.094265,0.000943,6287,11344
bracket_screw,2,icp_pt2pt,medium,11,2.029068619431838,0.007581006962346199,False,0.465375,0.000564,4348,itodd_bracket_screw.ply,0.094265,0.000943,6287,11344
bracket_screw,2,icp_pt2pl,medium,11,0.05449938120039599,0.00023351771443455853,True,0.465375,0.000394,4348,itodd_bracket_screw.ply,0.094265,0.000943,6287,11344
bracket_screw,2,fpfh_ransac,medium,11,0.05544518980223995,0.00020186650383947528,True,0.465375,0.000394,4348,itodd_bracket_screw.ply,0.094265,0.000943,6287,11344
bracket_screw,2,fgr,medium,11,1.3839738630480163,0.07171014674042249,False,0.369689,0.00064,3454,itodd_bracket_screw.ply,0.094265,0.000943,6287,11344
bracket_screw,2,icp_pt2pt,medium,12,14.40388712632718,0.03396011672145147,False,0.495159,0.000673,3836,itodd_bracket_screw.ply,0.094265,0.000943,6287,11344
bracket_screw,2,icp_pt2pl,medium,12,0.014815164502448335,9.108651756422093e-06,True,0.563057,0.000394,4362,itodd_bracket_screw.ply,0.094265,0.000943,6287,11344
bracket_screw,2,fpfh_ransac,medium,12,0.015600036278830066,3.248523108335988e-05,True,0.563057,0.000394,4362,itodd_bracket_screw.ply,0.094265,0.000943,6287,11344
bracket_screw,2,fgr,medium,12,0.013557698862834538,6.777293420290829e-06,True,0.563057,0.000394,4362,itodd_bracket_screw.ply,0.094265,0.000943,6287,11344
bracket_screw,2,icp_pt2pt,medium,13,6.460239685934407,0.012978767987628596,False,0.428827,0.000621,4317,itodd_bracket_screw.ply,0.094265,0.000943,6287,11344
bracket_screw,2,icp_pt2pl,medium,13,0.04082574461646203,0.0001631194049004071,True,0.432502,0.000395,4354,itodd_bracket_screw.ply,0.094265,0.000943,6287,11344
bracket_screw,2,fpfh_ransac,medium,13,174.64858463256482,0.08492466740839946,False,0.122678,0.000958,1235,itodd_bracket_screw.ply,0.094265,0.000943,6287,11344
bracket_screw,2,fgr,medium,13,0.035533962143409474,0.00016000307851275276,True,0.432502,0.000395,4354,itodd_bracket_screw.ply,0.094265,0.000943,6287,11344
bracket_screw,2,icp_pt2pt,medium,14,17.01934185667802,0.2386364832023802,False,0.111344,0.00097,1115,itodd_bracket_screw.ply,0.094265,0.000943,6287,11344
bracket_screw,2,icp_pt2pl,medium,14,0.4694626671520386,0.1608372108046101,False,0.169662,0.000666,1699,itodd_bracket_screw.ply,0.094265,0.000943,6287,11344
bracket_screw,2,fpfh_ransac,medium,14,0.028604494281213696,0.00012299926524791995,True,0.431895,0.000394,4325,itodd_bracket_screw.ply,0.094265,0.000943,6287,11344
bracket_screw,2,fgr,medium,14,0.03227796445267718,7.814582456841897e-05,True,0.431895,0.000394,4325,itodd_bracket_screw.ply,0.094265,0.000943,6287,11344
bracket_screw,2,icp_pt2pt,medium,15,0.5203120942878307,0.040612997198381406,False,0.469943,0.000609,4026,itodd_bracket_screw.ply,0.094265,0.000943,6287,11344
bracket_screw,2,icp_pt2pl,medium,15,0.04786747424178461,8.083704287909798e-05,True,0.518618,0.000393,4443,itodd_bracket_screw.ply,0.094265,0.000943,6287,11344
bracket_screw,2,fpfh_ransac,medium,15,179.47162843520707,0.2708867652985561,False,0.279444,0.000529,2394,itodd_bracket_screw.ply,0.094265,0.000943,6287,11344
bracket_screw,2,fgr,medium,15,23.339379350219016,0.26865123530161406,False,0.129567,0.000682,1110,itodd_bracket_screw.ply,0.094265,0.000943,6287,11344
bracket_screw,2,icp_pt2pt,medium,16,0.08603685949927234,0.00023342391225412412,True,0.429964,0.000393,4279,itodd_bracket_screw.ply,0.094265,0.000943,6287,11344
bracket_screw,2,icp_pt2pl,medium,16,0.0375424586663701,0.0001077082162120635,True,0.429964,0.000391,4279,itodd_bracket_screw.ply,0.094265,0.000943,6287,11344
bracket_screw,2,fpfh_ransac,medium,16,0.03882788556735207,0.00011231570436556986,True,0.429964,0.000391,4279,itodd_bracket_screw.ply,0.094265,0.000943,6287,11344
bracket_screw,2,fgr,medium,16,0.03718415568985939,0.00012189357626526224,True,0.429964,0.000391,4279,itodd_bracket_screw.ply,0.094265,0.000943,6287,11344
bracket_screw,2,icp_pt2pt,medium,17,12.95357171462938,0.18078782285487066,False,0.054253,0.001181,458,itodd_bracket_screw.ply,0.094265,0.000943,6287,11344
bracket_screw,2,icp_pt2pl,medium,17,6.025550213912568,0.0520677658555462,False,0.242715,0.000937,2049,itodd_bracket_screw.ply,0.094265,0.000943,6287,11344
bracket_screw,2,fpfh_ransac,medium,17,179.93279882203677,0.19078469736865358,False,0.449656,0.000532,3796,itodd_bracket_screw.ply,0.094265,0.000943,6287,11344
bracket_screw,2,fgr,medium,17,0.07467670015251772,0.00022653294109147243,True,0.516821,0.000391,4363,itodd_bracket_screw.ply,0.094265,0.000943,6287,11344
bracket_screw,2,icp_pt2pt,medium,18,18.905894211313274,0.09153375263592756,False,0.201865,0.000965,2035,itodd_bracket_screw.ply,0.094265,0.000943,6287,11344
bracket_screw,2,icp_pt2pl,medium,18,0.06836246541930312,8.47509460764081e-05,True,0.432794,0.000392,4363,itodd_bracket_screw.ply,0.094265,0.000943,6287,11344
bracket_screw,2,fpfh_ransac,medium,18,179.73929974459074,0.18932984142404843,False,0.392421,0.000559,3956,itodd_bracket_screw.ply,0.094265,0.000943,6287,11344
bracket_screw,2,fgr,medium,18,0.06020166752530683,8.950215837472997e-05,True,0.432794,0.000392,4363,itodd_bracket_screw.ply,0.094265,0.000943,6287,11344
bracket_screw,2,icp_pt2pt,medium,19,16.366653617428163,0.07839761506528391,False,0.265141,0.000847,2224,itodd_bracket_screw.ply,0.094265,0.000943,6287,11344
bracket_screw,2,icp_pt2pl,medium,19,0.03287490821414604,0.0002148204518216292,True,0.511206,0.000391,4288,itodd_bracket_screw.ply,0.094265,0.000943,6287,11344
bracket_screw,2,fpfh_ransac,medium,19,0.031489342966594294,0.00021053425200536665,True,0.511206,0.000391,4288,itodd_bracket_screw.ply,0.094265,0.000943,6287,11344
bracket_screw,2,fgr,medium,19,0.02035100857383042,0.00017017334578661863,True,0.511206,0.000391,4288,itodd_bracket_screw.ply,0.094265,0.000943,6287,11344
bracket_screw,2,icp_pt2pt,medium,20,10.876681374759592,0.09102138760263516,False,0.349516,0.000941,2959,itodd_bracket_screw.ply,0.094265,0.000943,6287,11344
bracket_screw,2,icp_pt2pl,medium,20,0.08208532267578339,0.00018437106289130194,True,0.512166,0.000394,4336,itodd_bracket_screw.ply,0.094265,0.000943,6287,11344
bracket_screw,2,fpfh_ransac,medium,20,0.08583289685590799,0.00016352402293973772,True,0.512166,0.000394,4336,itodd_bracket_screw.ply,0.094265,0.000943,6287,11344
bracket_screw,2,fgr,medium,20,0.08301154705351933,0.00025446743752155656,True,0.512166,0.000394,4336,itodd_bracket_screw.ply,0.094265,0.000943,6287,11344
bracket_screw,2,icp_pt2pt,medium,21,2.32909433033162,0.007281259747610045,False,0.46284,0.000619,4322,itodd_bracket_screw.ply,0.094265,0.000943,6287,11344
bracket_screw,2,icp_pt2pl,medium,21,0.020507028949127377,0.00018585389176069693,True,0.463161,0.000393,4325,itodd_bracket_screw.ply,0.094265,0.000943,6287,11344
bracket_screw,2,fpfh_ransac,medium,21,0.024007731210631874,0.00019230724623978658,True,0.463161,0.000393,4325,itodd_bracket_screw.ply,0.094265,0.000943,6287,11344
bracket_screw,2,fgr,medium,21,0.02291498885830502,0.0001907200565392919,True,0.463161,0.000393,4325,itodd_bracket_screw.ply,0.094265,0.000943,6287,11344
bracket_screw,2,icp_pt2pt,medium,22,1.865522317278558,0.14317107661088457,False,0.189696,0.000806,1458,itodd_bracket_screw.ply,0.094265,0.000943,6287,11344
bracket_screw,2,icp_pt2pl,medium,22,0.03023902981612843,0.00017386566278681397,True,0.565964,0.000394,4350,itodd_bracket_screw.ply,0.094265,0.000943,6287,11344
bracket_screw,2,fpfh_ransac,medium,22,0.029954410083286007,0.00016756207211063718,True,0.565964,0.000394,4350,itodd_bracket_screw.ply,0.094265,0.000943,6287,11344
bracket_screw,2,fgr,medium,22,0.036036403835098534,0.00023075403652718138,True,0.565964,0.000394,4350,itodd_bracket_screw.ply,0.094265,0.000943,6287,11344
bracket_screw,2,icp_pt2pt,medium,23,19.26308450125165,0.08056774266607145,False,0.288153,0.000954,2228,itodd_bracket_screw.ply,0.094265,0.000943,6287,11344
bracket_screw,2,icp_pt2pl,medium,23,0.03232507040169432,6.719261157048606e-05,True,0.564666,0.000394,4366,itodd_bracket_screw.ply,0.094265,0.000943,6287,11344
bracket_screw,2,fpfh_ransac,medium,23,0.048989331848191056,9.167427961501974e-05,True,0.564666,0.000393,4366,itodd_bracket_screw.ply,0.094265,0.000943,6287,11344
bracket_screw,2,fgr,medium,23,0.025454062624467873,7.973699924539229e-05,True,0.564666,0.000394,4366,itodd_bracket_screw.ply,0.094265,0.000943,6287,11344
bracket_screw,2,icp_pt2pt,medium,24,7.429613317869907,0.12187682917394232,False,0.231452,0.000666,1772,itodd_bracket_screw.ply,0.094265,0.000943,6287,11344
bracket_screw,2,icp_pt2pl,medium,24,0.06138736061285746,7.128587719520777e-05,True,0.563349,0.000392,4313,itodd_bracket_screw.ply,0.094265,0.000943,6287,11344
bracket_screw,2,fpfh_ransac,medium,24,170.24167922989204,1.0438606185763386,False,0.223485,0.000826,1711,itodd_bracket_screw.ply,0.094265,0.000943,6287,11344
bracket_screw,2,fgr,medium,24,29.272949081891078,0.43181299751704033,False,0.087513,0.001008,670,itodd_bracket_screw.ply,0.094265,0.000943,6287,11344
bracket_screw,2,icp_pt2pt,medium,25,18.87748136806365,0.253668867017194,False,0.043525,0.00099,401,itodd_bracket_screw.ply,0.094265,0.000943,6287,11344
bracket_screw,2,icp_pt2pl,medium,25,33.65873054547688,0.2207774460930039,False,0.101053,0.000949,931,itodd_bracket_screw.ply,0.094265,0.000943,6287,11344
bracket_screw,2,fpfh_ransac,medium,25,0.006690729975739156,9.728467978771971e-05,True,0.471291,0.00039,4342,itodd_bracket_screw.ply,0.094265,0.000943,6287,11344
bracket_screw,2,fgr,medium,25,20.778701561572216,0.05105363342813364,False,0.357864,0.000682,3297,itodd_bracket_screw.ply,0.094265,0.000943,6287,11344
bracket_screw,2,icp_pt2pt,medium,26,31.298817721115544,0.04030382158618927,False,0.331646,0.000741,2555,itodd_bracket_screw.ply,0.094265,0.000943,6287,11344
bracket_screw,2,icp_pt2pl,medium,26,0.07529384079517261,0.00023622665402577104,True,0.564772,0.000394,4351,itodd_bracket_screw.ply,0.094265,0.000943,6287,11344
bracket_screw,2,fpfh_ransac,medium,26,169.39310730898256,0.02327341972840322,False,0.189512,0.000955,1460,itodd_bracket_screw.ply,0.094265,0.000943,6287,11344
bracket_screw,2,fgr,medium,26,0.06771358485765744,0.0001406589301141122,True,0.564772,0.000394,4351,itodd_bracket_screw.ply,0.094265,0.000943,6287,11344
bracket_screw,2,icp_pt2pt,medium,27,5.333512784378756,0.056095866731014216,False,0.346292,0.000878,3278,itodd_bracket_screw.ply,0.094265,0.000943,6287,11344
bracket_screw,2,icp_pt2pl,medium,27,0.03340405465170307,8.425305493812337e-05,True,0.457321,0.000397,4329,itodd_bracket_screw.ply,0.094265,0.000943,6287,11344
bracket_screw,2,fpfh_ransac,medium,27,0.03371396133914278,8.257647554285702e-05,True,0.457321,0.000397,4329,itodd_bracket_screw.ply,0.094265,0.000943,6287,11344
bracket_screw,2,fgr,medium,27,0.029934821723778055,0.00013724045738253157,True,0.457321,0.000397,4329,itodd_bracket_screw.ply,0.094265,0.000943,6287,11344
bracket_screw,2,icp_pt2pt,medium,28,20.746326047658613,0.08436223999657501,False,0.219269,0.000956,1823,itodd_bracket_screw.ply,0.094265,0.000943,6287,11344
bracket_screw,2,icp_pt2pl,medium,28,0.17971451874170988,0.0036014953077391195,True,0.516719,0.000445,4296,itodd_bracket_screw.ply,0.094265,0.000943,6287,11344
bracket_screw,2,fpfh_ransac,medium,28,179.9057470683453,0.21478726577061769,False,0.452249,0.000538,3760,itodd_bracket_screw.ply,0.094265,0.000943,6287,11344
bracket_screw,2,fgr,medium,28,0.019106079582683382,0.00015864327595632016,True,0.516719,0.000395,4296,itodd_bracket_screw.ply,0.094265,0.000943,6287,11344
bracket_screw,2,icp_pt2pt,medium,29,90.24279833388827,0.3167781220199258,False,0.205175,0.000756,1681,itodd_bracket_screw.ply,0.094265,0.000943,6287,11344
bracket_screw,2,icp_pt2pl,medium,29,98.05160921394426,0.26599636053807846,False,0.205541,0.000844,1684,itodd_bracket_screw.ply,0.094265,0.000943,6287,11344
bracket_screw,2,fpfh_ransac,medium,29,0.02949372943039016,0.00019698677773678214,True,0.527401,0.000395,4321,itodd_bracket_screw.ply,0.094265,0.000943,6287,11344
bracket_screw,2,fgr,medium,29,124.5351525421669,0.5395147413641747,False,0.232516,0.000677,1905,itodd_bracket_screw.ply,0.094265,0.000943,6287,11344
bracket_screw,4,icp_pt2pt,medium,0,2.1753255629934607,0.16585686714052592,False,0.171649,0.000685,2452,itodd_bracket_screw.ply,0.094265,0.000943,6287,17344
bracket_screw,4,icp_pt2pl,medium,0,0.06008271540176879,0.0002509168708301678,True,0.306965,0.000393,4385,itodd_bracket_screw.ply,0.094265,0.000943,6287,17344
bracket_screw,4,fpfh_ransac,medium,0,179.16521560987775,0.994772774033363,False,0.046692,0.000964,667,itodd_bracket_screw.ply,0.094265,0.000943,6287,17344
bracket_screw,4,fgr,medium,0,2.9202794454906282,0.32107703856108466,False,0.0,0.0,0,itodd_bracket_screw.ply,0.094265,0.000943,6287,17344
bracket_screw,4,icp_pt2pt,medium,1,7.6543997480856145,0.1065137756667771,False,0.15505,0.000732,2060,itodd_bracket_screw.ply,0.094265,0.000943,6287,17344
bracket_screw,4,icp_pt2pl,medium,1,0.0228193535959516,0.0001377980898669333,True,0.327638,0.000394,4353,itodd_bracket_screw.ply,0.094265,0.000943,6287,17344
bracket_screw,4,fpfh_ransac,medium,1,156.83216859696904,0.09932090378332852,False,0.085955,0.000937,1142,itodd_bracket_screw.ply,0.094265,0.000943,6287,17344
bracket_screw,4,fgr,medium,1,13.361183546415868,0.08465032672646469,False,0.188921,0.000741,2510,itodd_bracket_screw.ply,0.094265,0.000943,6287,17344
bracket_screw,4,icp_pt2pt,medium,2,8.879885005816318,0.03661691013186377,False,0.289265,0.00071,3980,itodd_bracket_screw.ply,0.094265,0.000943,6287,17344
bracket_screw,4,icp_pt2pl,medium,2,0.055239563958646265,0.0001656773428154998,True,0.312741,0.000396,4303,itodd_bracket_screw.ply,0.094265,0.000943,6287,17344
bracket_screw,4,fpfh_ransac,medium,2,169.6547666139075,0.26215287734883763,False,0.077622,0.000994,1068,itodd_bracket_screw.ply,0.094265,0.000943,6287,17344
bracket_screw,4,fgr,medium,2,37.57228953977166,0.6051410841726117,False,0.04259,0.000797,586,itodd_bracket_screw.ply,0.094265,0.000943,6287,17344
bracket_screw,4,icp_pt2pt,medium,3,1.0487120739122637,0.003744210887555994,True,0.321984,0.000458,4388,itodd_bracket_screw.ply,0.094265,0.000943,6287,17344
bracket_screw,4,icp_pt2pl,medium,3,0.05351524847595892,0.0003113225678892956,True,0.321984,0.000393,4388,itodd_bracket_screw.ply,0.094265,0.000943,6287,17344
bracket_screw,4,fpfh_ransac,medium,3,0.05351524847595892,0.00031132256788928047,True,0.321984,0.000393,4388,itodd_bracket_screw.ply,0.094265,0.000943,6287,17344
bracket_screw,4,fgr,medium,3,51.28967668277857,0.10465744085886754,False,0.110801,0.000738,1510,itodd_bracket_screw.ply,0.094265,0.000943,6287,17344
bracket_screw,4,icp_pt2pt,medium,4,27.824330274888247,0.26009405739352637,False,0.035925,0.000987,494,itodd_bracket_screw.ply,0.094265,0.000943,6287,17344
bracket_screw,4,icp_pt2pl,medium,4,119.59411546932985,0.3859760567758085,False,0.129591,0.00089,1782,itodd_bracket_screw.ply,0.094265,0.000943,6287,17344
bracket_screw,4,fpfh_ransac,medium,4,152.5367341369311,0.5995535207122951,False,0.087703,0.000952,1206,itodd_bracket_screw.ply,0.094265,0.000943,6287,17344
bracket_screw,4,fgr,medium,4,0.06294518732854795,0.0003189214780797898,True,0.319177,0.000393,4389,itodd_bracket_screw.ply,0.094265,0.000943,6287,17344
bracket_screw,4,icp_pt2pt,medium,5,0.898524623115535,0.009284706273702932,True,0.315839,0.00052,4333,itodd_bracket_screw.ply,0.094265,0.000943,6287,17344
bracket_screw,4,icp_pt2pl,medium,5,0.04847575435241643,0.0001274127175976231,True,0.315839,0.000395,4333,itodd_bracket_screw.ply,0.094265,0.000943,6287,17344
bracket_screw,4,fpfh_ransac,medium,5,167.06719969614915,0.033423492625339564,False,0.052118,0.000975,715,itodd_bracket_screw.ply,0.094265,0.000943,6287,17344
bracket_screw,4,fgr,medium,5,53.52959623853213,0.07272276802557688,False,0.228953,0.000671,3141,itodd_bracket_screw.ply,0.094265,0.000943,6287,17344
bracket_screw,4,icp_pt2pt,medium,6,27.310549369967987,0.02344004715411431,False,0.23157,0.000845,3003,itodd_bracket_screw.ply,0.094265,0.000943,6287,17344
bracket_screw,4,icp_pt2pl,medium,6,0.04117467854122444,0.00013458032900730076,True,0.335518,0.000394,4351,itodd_bracket_screw.ply,0.094265,0.000943,6287,17344
bracket_screw,4,fpfh_ransac,medium,6,175.90412019841804,0.22061250020385484,False,0.213834,0.000842,2773,itodd_bracket_screw.ply,0.094265,0.000943,6287,17344
bracket_screw,4,fgr,medium,6,50.41986736333105,0.20314018473209783,False,0.069479,0.00099,901,itodd_bracket_screw.ply,0.094265,0.000943,6287,17344
bracket_screw,4,icp_pt2pt,medium,7,21.693944499264834,0.08076603496395336,False,0.209773,0.000893,2829,itodd_bracket_screw.ply,0.094265,0.000943,6287,17344
bracket_screw,4,icp_pt2pl,medium,7,0.03079531321703015,0.00011833991314077829,True,0.321964,0.000392,4342,itodd_bracket_screw.ply,0.094265,0.000943,6287,17344
bracket_screw,4,fpfh_ransac,medium,7,173.54822059357207,0.46780097236958007,False,0.045455,0.001077,613,itodd_bracket_screw.ply,0.094265,0.000943,6287,17344
bracket_screw,4,fgr,medium,7,1.4531397176740868,0.21040567106116836,False,0.121904,0.000767,1644,itodd_bracket_screw.ply,0.094265,0.000943,6287,17344
bracket_screw,4,icp_pt2pt,medium,8,23.218380050147996,0.04801334444039013,False,0.25034,0.000827,3128,itodd_bracket_screw.ply,0.094265,0.000943,6287,17344
bracket_screw,4,icp_pt2pl,medium,8,0.041701173136073987,0.0002697685433216429,True,0.347499,0.000394,4342,itodd_bracket_screw.ply,0.094265,0.000943,6287,17344
bracket_screw,4,fpfh_ransac,medium,8,170.37800331558768,0.10764634398426745,False,0.085154,0.000977,1064,itodd_bracket_screw.ply,0.094265,0.000943,6287,17344
bracket_screw,4,fgr,medium,8,22.442654211086055,0.15780904502120544,False,0.142137,0.000685,1776,itodd_bracket_screw.ply,0.094265,0.000943,6287,17344
bracket_screw,4,icp_pt2pt,medium,9,2.153383460268335,0.003077593861480704,False,0.273756,0.000541,4379,itodd_bracket_screw.ply,0.094265,0.000943,6287,17344
bracket_screw,4,icp_pt2pl,medium,9,0.05771665800718687,0.00011278362511742752,True,0.273756,0.000392,4379,itodd_bracket_screw.ply,0.094265,0.000943,6287,17344
bracket_screw,4,fpfh_ransac,medium,9,0.05771665800718687,0.00011278362511743742,True,0.273756,0.000392,4379,itodd_bracket_screw.ply,0.094265,0.000943,6287,17344
bracket_screw,4,fgr,medium,9,0.05364788318025489,0.0001207257540734898,True,0.273756,0.000392,4379,itodd_bracket_screw.ply,0.094265,0.000943,6287,17344
bracket_screw,4,icp_pt2pt,medium,10,30.204455085276827,0.023814299614234844,False,0.19897,0.000778,2821,itodd_bracket_screw.ply,0.094265,0.000943,6287,17344
bracket_screw,4,icp_pt2pl,medium,10,0.04990665400040465,9.642315474450922e-05,True,0.305121,0.00039,4326,itodd_bracket_screw.ply,0.094265,0.000943,6287,17344
bracket_screw,4,fpfh_ransac,medium,10,81.76052060431752,0.11203992913336946,False,0.083157,0.000969,1179,itodd_bracket_screw.ply,0.094265,0.000943,6287,17344
bracket_screw,4,fgr,medium,10,0.04135086365001747,4.857969660009254e-05,True,0.305121,0.00039,4326,itodd_bracket_screw.ply,0.094265,0.000943,6287,17344
bracket_screw,4,icp_pt2pt,medium,11,0.8571414057084591,0.0012892584583072688,True,0.340049,0.000438,4338,itodd_bracket_screw.ply,0.094265,0.000943,6287,17344
bracket_screw,4,icp_pt2pl,medium,11,0.054267191937460664,0.00018752227179350865,True,0.340049,0.000394,4338,itodd_bracket_screw.ply,0.094265,0.000943,6287,17344
bracket_screw,4,fpfh_ransac,medium,11,146.15064325265706,0.06819792480249914,False,0.136161,0.000735,1737,itodd_bracket_screw.ply,0.094265,0.000943,6287,17344
bracket_screw,4,fgr,medium,11,2.4049464576574637,0.05235528121510732,False,0.201928,0.000665,2576,itodd_bracket_screw.ply,0.094265,0.000943,6287,17344
bracket_screw,4,icp_pt2pt,medium,12,12.892770514044573,0.027972548254965843,False,0.236273,0.000764,3563,itodd_bracket_screw.ply,0.094265,0.000943,6287,17344
bracket_screw,4,icp_pt2pl,medium,12,0.05405931136936619,3.7452719112638624e-05,True,0.287334,0.000393,4333,itodd_bracket_screw.ply,0.094265,0.000943,6287,17344
bracket_screw,4,fpfh_ransac,medium,12,36.439850407290805,0.07801473752133704,False,0.11565,0.000975,1744,itodd_bracket_screw.ply,0.094265,0.000943,6287,17344
bracket_screw,4,fgr,medium,12,50.386532432423465,0.4491370885911488,False,0.057361,0.001025,865,itodd_bracket_screw.ply,0.094265,0.000943,6287,17344
bracket_screw,4,icp_pt2pt,medium,13,24.291630665341444,0.07054228348535324,False,0.165591,0.000983,2283,itodd_bracket_screw.ply,0.094265,0.000943,6287,17344
bracket_screw,4,icp_pt2pl,medium,13,0.062232161527048,0.00018401423078444226,True,0.315152,0.000391,4345,itodd_bracket_screw.ply,0.094265,0.000943,6287,17344
bracket_screw,4,fpfh_ransac,medium,13,164.67689663335508,0.13026284213418318,False,0.087909,0.000989,1212,itodd_bracket_screw.ply,0.094265,0.000943,6287,17344
bracket_screw,4,fgr,medium,13,4.300806998795834,0.024792655185367135,False,0.310292,0.000653,4278,itodd_bracket_screw.ply,0.094265,0.000943,6287,17344
bracket_screw,4,icp_pt2pt,medium,14,16.27610367734574,0.02925247733568166,False,0.191483,0.00076,3053,itodd_bracket_screw.ply,0.094265,0.000943,6287,17344
bracket_screw,4,icp_pt2pl,medium,14,13.218066545915567,0.03328086037480001,False,0.17273,0.000787,2754,itodd_bracket_screw.ply,0.094265,0.000943,6287,17344
bracket_screw,4,fpfh_ransac,medium,14,13.21806654591551,0.03328086037479999,False,0.17273,0.000787,2754,itodd_bracket_screw.ply,0.094265,0.000943,6287,17344
bracket_screw,4,fgr,medium,14,0.0731833979850295,0.00021557248879356227,True,0.273269,0.000396,4357,itodd_bracket_screw.ply,0.094265,0.000943,6287,17344
bracket_screw,4,icp_pt2pt,medium,15,24.46140781952375,0.08712239268409361,False,0.130208,0.000985,2069,itodd_bracket_screw.ply,0.094265,0.000943,6287,17344
bracket_screw,4,icp_pt2pl,medium,15,0.03669853056674093,0.0001907189266852034,True,0.270359,0.00039,4296,itodd_bracket_screw.ply,0.094265,0.000943,6287,17344
bracket_screw,4,fpfh_ransac,medium,15,167.23192243133238,0.263416944784219,False,0.063499,0.000985,1009,itodd_bracket_screw.ply,0.094265,0.000943,6287,17344
bracket_screw,4,fgr,medium,15,177.38559245074526,0.253723009761911,False,0.075834,0.000999,1205,itodd_bracket_screw.ply,0.094265,0.000943,6287,17344
bracket_screw,4,icp_pt2pt,medium,16,19.456314325389343,0.23094017644919845,False,0.0,0.0,0,itodd_bracket_screw.ply,0.094265,0.000943,6287,17344
bracket_screw,4,icp_pt2pl,medium,16,19.456314325389343,0.23094017644919845,False,0.0,0.0,0,itodd_bracket_screw.ply,0.094265,0.000943,6287,17344
bracket_screw,4,fpfh_ransac,medium,16,106.93614369460481,0.2890117875470177,False,0.122894,0.001005,1532,itodd_bracket_screw.ply,0.094265,0.000943,6287,17344
bracket_screw,4,fgr,medium,16,32.43968534435107,0.18267968897722492,False,0.276833,0.000705,3451,itodd_bracket_screw.ply,0.094265,0.000943,6287,17344
bracket_screw,4,icp_pt2pt,medium,17,0.012874949074709364,0.00012675964308792086,True,0.308598,0.000402,4350,itodd_bracket_screw.ply,0.094265,0.000943,6287,17344
bracket_screw,4,icp_pt2pl,medium,17,0.03585280777439081,0.00021135535432720382,True,0.308598,0.000402,4350,itodd_bracket_screw.ply,0.094265,0.000943,6287,17344
bracket_screw,4,fpfh_ransac,medium,17,0.029701266029094682,0.0003107534004175729,True,0.308527,0.000402,4349,itodd_bracket_screw.ply,0.094265,0.000943,6287,17344
bracket_screw,4,fgr,medium,17,0.3252689820356818,0.06496612931113571,False,0.237443,0.000648,3347,itodd_bracket_screw.ply,0.094265,0.000943,6287,17344
bracket_screw,4,icp_pt2pt,medium,18,82.0054504000037,0.3649659991554987,False,0.038579,0.001081,579,itodd_bracket_screw.ply,0.094265,0.000943,6287,17344
bracket_screw,4,icp_pt2pl,medium,18,95.36816675045608,0.3207242686398711,False,0.052505,0.00107,788,itodd_bracket_screw.ply,0.094265,0.000943,6287,17344
bracket_screw,4,fpfh_ransac,medium,18,179.0898180025427,0.5068022174195247,False,0.164646,0.000846,2471,itodd_bracket_screw.ply,0.094265,0.000943,6287,17344
bracket_screw,4,fgr,medium,18,35.58635574165448,0.3556871670026531,False,0.051639,0.000992,775,itodd_bracket_screw.ply,0.094265,0.000943,6287,17344
bracket_screw,4,icp_pt2pt,medium,19,21.928132229214416,0.012512089336566171,False,0.231335,0.000784,2925,itodd_bracket_screw.ply,0.094265,0.000943,6287,17344
bracket_screw,4,icp_pt2pl,medium,19,0.07352122210435313,9.184628572034143e-05,True,0.341585,0.000394,4319,itodd_bracket_screw.ply,0.094265,0.000943,6287,17344
bracket_screw,4,fpfh_ransac,medium,19,60.78987583628933,0.11409800992728662,False,0.241933,0.000658,3059,itodd_bracket_screw.ply,0.094265,0.000943,6287,17344
bracket_screw,4,fgr,medium,19,0.0651388471421436,0.00017354452661760058,True,0.341585,0.000394,4319,itodd_bracket_screw.ply,0.094265,0.000943,6287,17344
bracket_screw,4,icp_pt2pt,medium,20,9.838658696636298,0.02918225414010819,False,0.279179,0.000795,3729,itodd_bracket_screw.ply,0.094265,0.000943,6287,17344
bracket_screw,4,icp_pt2pl,medium,20,0.047849692114748966,0.00023638472078191302,True,0.324399,0.000392,4333,itodd_bracket_screw.ply,0.094265,0.000943,6287,17344
bracket_screw,4,fpfh_ransac,medium,20,156.28257512078065,0.6279819708679584,False,0.026728,0.000968,357,itodd_bracket_screw.ply,0.094265,0.000943,6287,17344
bracket_screw,4,fgr,medium,20,0.0512997543248268,0.00020874595531570004,True,0.324399,0.000392,4333,itodd_bracket_screw.ply,0.094265,0.000943,6287,17344
bracket_screw,4,icp_pt2pt,medium,21,11.845164388515702,0.07532919640423406,False,0.143465,0.000711,2123,itodd_bracket_screw.ply,0.094265,0.000943,6287,17344
bracket_screw,4,icp_pt2pl,medium,21,0.06273711781194197,0.0002639379399664443,True,0.291864,0.000394,4319,itodd_bracket_screw.ply,0.094265,0.000943,6287,17344
bracket_screw,4,fpfh_ransac,medium,21,109.35756963246104,0.7755537441144023,False,0.056291,0.000985,833,itodd_bracket_screw.ply,0.094265,0.000943,6287,17344
bracket_screw,4,fgr,medium,21,16.970154998367413,0.48854755798624894,False,0.0,0.0,0,itodd_bracket_screw.ply,0.094265,0.000943,6287,17344
bracket_screw,4,icp_pt2pt,medium,22,0.8878021068886452,0.09672604883413066,False,0.235328,0.000633,2851,itodd_bracket_screw.ply,0.094265,0.000943,6287,17344
bracket_screw,4,icp_pt2pl,medium,22,0.0609681792049554,0.00014143568799422713,True,0.359637,0.000391,4357,itodd_bracket_screw.ply,0.094265,0.000943,6287,17344
bracket_screw,4,fpfh_ransac,medium,22,176.29935505982078,1.3023577881045747,False,0.097895,0.000946,1186,itodd_bracket_screw.ply,0.094265,0.000943,6287,17344
bracket_screw,4,fgr,medium,22,0.060780205764698544,0.00017070785422146738,True,0.359637,0.000391,4357,itodd_bracket_screw.ply,0.094265,0.000943,6287,17344
bracket_screw,4,icp_pt2pt,medium,23,30.580074759996236,0.2026106569516512,False,0.098913,0.000957,1320,itodd_bracket_screw.ply,0.094265,0.000943,6287,17344
bracket_screw,4,icp_pt2pl,medium,23,0.039853038287569253,0.00022154917925799617,True,0.327913,0.0004,4376,itodd_bracket_screw.ply,0.094265,0.000943,6287,17344
bracket_screw,4,fpfh_ransac,medium,23,0.039853038287569253,0.00022154917925797975,True,0.327913,0.0004,4376,itodd_bracket_screw.ply,0.094265,0.000943,6287,17344
bracket_screw,4,fgr,medium,23,0.04160505117823457,0.00023881937775913843,True,0.327913,0.0004,4376,itodd_bracket_screw.ply,0.094265,0.000943,6287,17344
bracket_screw,4,icp_pt2pt,medium,24,7.917218562298875,0.03332369820630807,False,0.271377,0.000753,4021,itodd_bracket_screw.ply,0.094265,0.000943,6287,17344
bracket_screw,4,icp_pt2pl,medium,24,0.04607151369977094,0.00023357075522639455,True,0.297024,0.000393,4401,itodd_bracket_screw.ply,0.094265,0.000943,6287,17344
bracket_screw,4,fpfh_ransac,medium,24,179.90740663413175,0.10932336182294414,False,0.281164,0.000541,4166,itodd_bracket_screw.ply,0.094265,0.000943,6287,17344
bracket_screw,4,fgr,medium,24,0.054904771202908015,0.0002818831932195973,True,0.297024,0.000393,4401,itodd_bracket_screw.ply,0.094265,0.000943,6287,17344
bracket_screw,4,icp_pt2pt,medium,25,38.4374700071216,0.17183477036491088,False,0.108196,0.000968,1357,itodd_bracket_screw.ply,0.094265,0.000943,6287,17344
bracket_screw,4,icp_pt2pl,medium,25,8.862958260966261,0.04039579309742127,False,0.281295,0.000913,3528,itodd_bracket_screw.ply,0.094265,0.000943,6287,17344
bracket_screw,4,fpfh_ransac,medium,25,179.05334077335385,0.5097860401475676,False,0.153963,0.00069,1931,itodd_bracket_screw.ply,0.094265,0.000943,6287,17344
bracket_screw,4,fgr,medium,25,0.15777737199120717,0.00039624304013073506,True,0.345798,0.000404,4337,itodd_bracket_screw.ply,0.094265,0.000943,6287,17344
bracket_screw,4,icp_pt2pt,medium,26,0.043875856518191855,0.00018996661009889986,True,0.329052,0.000394,4355,itodd_bracket_screw.ply,0.094265,0.000943,6287,17344
bracket_screw,4,icp_pt2pl,medium,26,0.03420234340308975,9.99505731471845e-05,True,0.329052,0.000394,4355,itodd_bracket_screw.ply,0.094265,0.000943,6287,17344
bracket_screw,4,fpfh_ransac,medium,26,0.03420234340308975,9.995057314718046e-05,True,0.329052,0.000394,4355,itodd_bracket_screw.ply,0.094265,0.000943,6287,17344
bracket_screw,4,fgr,medium,26,14.48070792558511,0.3577142009258411,False,0.0,0.0,0,itodd_bracket_screw.ply,0.094265,0.000943,6287,17344
bracket_screw,4,icp_pt2pt,medium,27,31.3060753771369,0.08013677300982429,False,0.132188,0.000977,1547,itodd_bracket_screw.ply,0.094265,0.000943,6287,17344
bracket_screw,4,icp_pt2pl,medium,27,0.08022639037546993,0.00018581318817348263,True,0.369478,0.000397,4324,itodd_bracket_screw.ply,0.094265,0.000943,6287,17344
bracket_screw,4,fpfh_ransac,medium,27,118.88742880793599,0.18208028203999638,False,0.143638,0.000843,1681,itodd_bracket_screw.ply,0.094265,0.000943,6287,17344
bracket_screw,4,fgr,medium,27,102.2652227489299,0.2624157955517773,False,0.070324,0.00096,823,itodd_bracket_screw.ply,0.094265,0.000943,6287,17344
bracket_screw,4,icp_pt2pt,medium,28,0.009008682523602665,8.002329194682712e-05,True,0.291507,0.000395,4342,itodd_bracket_screw.ply,0.094265,0.000943,6287,17344
bracket_screw,4,icp_pt2pl,medium,28,0.030823285746776796,5.414373307741512e-05,True,0.291507,0.000395,4342,itodd_bracket_screw.ply,0.094265,0.000943,6287,17344
bracket_screw,4,fpfh_ransac,medium,28,0.02955525509843817,8.598554280064587e-05,True,0.291507,0.000395,4342,itodd_bracket_screw.ply,0.094265,0.000943,6287,17344
bracket_screw,4,fgr,medium,28,0.02774719003589073,6.792183247930454e-05,True,0.291507,0.000395,4342,itodd_bracket_screw.ply,0.094265,0.000943,6287,17344
bracket_screw,4,icp_pt2pt,medium,29,21.290670084675835,0.21638302534258416,False,0.047064,0.001054,622,itodd_bracket_screw.ply,0.094265,0.000943,6287,17344
bracket_screw,4,icp_pt2pl,medium,29,61.33236613613616,0.34713860238457867,False,0.055766,0.001024,737,itodd_bracket_screw.ply,0.094265,0.000943,6287,17344
bracket_screw,4,fpfh_ransac,medium,29,113.95418644103405,0.6129200597212988,False,0.105403,0.000971,1393,itodd_bracket_screw.ply,0.094265,0.000943,6287,17344
bracket_screw,4,fgr,medium,29,0.04115643357511891,0.00020946312603367344,True,0.3296,0.000391,4356,itodd_bracket_screw.ply,0.094265,0.000943,6287,17344
