part,track,split,defect_type,scan,method,n_points,score,tau,rre_deg,rte,reg_success,point_auroc,time_s,template,d,voxel,score_quantile,tau_quantile
mvtec_cable_gland,mvtec,test_good,,000,fpfh_ransac,23722,0.324988,0.022731,,,,,1.3385,train_good/000,0.066988,0.00067,0.995,0.999
mvtec_cable_gland,mvtec,test_good,,001,fpfh_ransac,23395,0.111963,0.022731,,,,,1.6121,train_good/000,0.066988,0.00067,0.995,0.999
mvtec_cable_gland,mvtec,test_good,,002,fpfh_ransac,22834,0.029309,0.022731,,,,,1.1744,train_good/000,0.066988,0.00067,0.995,0.999
mvtec_cable_gland,mvtec,test_good,,003,fpfh_ransac,23841,0.121997,0.022731,,,,,1.6829,train_good/000,0.066988,0.00067,0.995,0.999
mvtec_cable_gland,mvtec,test_good,,004,fpfh_ransac,26257,0.328502,0.022731,,,,,1.4631,train_good/000,0.066988,0.00067,0.995,0.999
mvtec_cable_gland,mvtec,test_good,,005,fpfh_ransac,24087,0.095295,0.022731,,,,,1.4034,train_good/000,0.066988,0.00067,0.995,0.999
mvtec_cable_gland,mvtec,test_good,,006,fpfh_ransac,23590,0.089985,0.022731,,,,,1.3303,train_good/000,0.066988,0.00067,0.995,0.999
mvtec_cable_gland,mvtec,test_good,,007,fpfh_ransac,25969,0.333422,0.022731,,,,,1.4551,train_good/000,0.066988,0.00067,0.995,0.999
mvtec_cable_gland,mvtec,test_good,,008,fpfh_ransac,26837,0.335474,0.022731,,,,,1.2162,train_good/000,0.066988,0.00067,0.995,0.999
mvtec_cable_gland,mvtec,test_good,,009,fpfh_ransac,23867,0.199668,0.022731,,,,,1.2572,train_good/000,0.066988,0.00067,0.995,0.999
mvtec_cable_gland,mvtec,test_good,,010,fpfh_ransac,23387,0.10972,0.022731,,,,,1.6524,train_good/000,0.066988,0.00067,0.995,0.999
mvtec_cable_gland,mvtec,test_good,,011,fpfh_ransac,23335,0.319034,0.022731,,,,,0.9253,train_good/000,0.066988,0.00067,0.995,0.999
mvtec_cable_gland,mvtec,test_good,,012,fpfh_ransac,26351,0.32658,0.022731,,,,,1.8255,train_good/000,0.066988,0.00067,0.995,0.999
mvtec_cable_gland,mvtec,test_good,,013,fpfh_ransac,23735,0.145588,0.022731,,,,,1.6299,train_good/000,0.066988,0.00067,0.995,0.999
mvtec_cable_gland,mvtec,test_good,,014,fpfh_ransac,25604,0.324931,0.022731,,,,,2.0537,train_good/000,0.066988,0.00067,0.995,0.999
mvtec_cable_gland,mvtec,test_good,,015,fpfh_ransac,23777,0.113501,0.022731,,,,,1.3769,train_good/000,0.066988,0.00067,0.995,0.999
mvtec_cable_gland,mvtec,test_good,,016,fpfh_ransac,26487,0.341329,0.022731,,,,,1.2054,train_good/000,0.066988,0.00067,0.995,0.999
mvtec_cable_gland,mvtec,test_good,,017,fpfh_ransac,25014,0.324678,0.022731,,,,,1.9589,train_good/000,0.066988,0.00067,0.995,0.999
mvtec_cable_gland,mvtec,test_good,,018,fpfh_ransac,23121,0.033528,0.022731,,,,,1.4185,train_good/000,0.066988,0.00067,0.995,0.999
mvtec_cable_gland,mvtec,test_good,,019,fpfh_ransac,23562,0.317507,0.022731,,,,,1.0229,train_good/000,0.066988,0.00067,0.995,0.999
mvtec_cable_gland,mvtec,test_good,,020,fpfh_ransac,23356,0.100743,0.022731,,,,,1.6478,train_good/000,0.066988,0.00067,0.995,0.999
mvtec_cable_gland,mvtec,test_defect,bent,bent_000,fpfh_ransac,23522,0.056189,0.022731,,,,0.8044,1.5358,train_good/000,0.066988,0.00067,0.995,0.999
mvtec_cable_gland,mvtec,test_defect,bent,bent_001,fpfh_ransac,23747,0.209721,0.022731,,,,0.6414,1.6648,train_good/000,0.066988,0.00067,0.995,0.999
mvtec_cable_gland,mvtec,test_defect,bent,bent_002,fpfh_ransac,23613,0.145619,0.022731,,,,0.697,1.2467,train_good/000,0.066988,0.00067,0.995,0.999
mvtec_cable_gland,mvtec,test_defect,bent,bent_003,fpfh_ransac,23547,0.082579,0.022731,,,,0.6879,1.5041,train_good/000,0.066988,0.00067,0.995,0.999
mvtec_cable_gland,mvtec,test_defect,bent,bent_004,fpfh_ransac,23351,0.117603,0.022731,,,,0.8031,1.6056,train_good/000,0.066988,0.00067,0.995,0.999
mvtec_cable_gland,mvtec,test_defect,bent,bent_005,fpfh_ransac,24032,0.230879,0.022731,,,,0.7532,1.4597,train_good/000,0.066988,0.00067,0.995,0.999
mvtec_cable_gland,mvtec,test_defect,bent,bent_006,fpfh_ransac,24120,0.319494,0.022731,,,,0.7619,1.8411,train_good/000,0.066988,0.00067,0.995,0.999
mvtec_cable_gland,mvtec,test_defect,bent,bent_007,fpfh_ransac,23493,0.144569,0.022731,,,,0.6937,1.3565,train_good/000,0.066988,0.00067,0.995,0.999
mvtec_cable_gland,mvtec,test_defect,bent,bent_008,fpfh_ransac,23606,0.09219,0.022731,,,,0.7805,1.8049,train_good/000,0.066988,0.00067,0.995,0.999
mvtec_cable_gland,mvtec,test_defect,bent,bent_009,fpfh_ransac,23782,0.07712,0.022731,,,,0.7049,1.7161,train_good/000,0.066988,0.00067,0.995,0.999
mvtec_cable_gland,mvtec,test_defect,bent,bent_010,fpfh_ransac,23808,0.087751,0.022731,,,,0.7975,1.0533,train_good/000,0.066988,0.00067,0.995,0.999
mvtec_cable_gland,mvtec,test_defect,bent,bent_011,fpfh_ransac,23571,0.135536,0.022731,,,,0.7386,1.1748,train_good/000,0.066988,0.00067,0.995,0.999
mvtec_cable_gland,mvtec,test_defect,bent,bent_012,fpfh_ransac,23352,0.052013,0.022731,,,,0.6567,1.8759,train_good/000,0.066988,0.00067,0.995,0.999
mvtec_cable_gland,mvtec,test_defect,bent,bent_013,fpfh_ransac,23887,0.318569,0.022731,,,,0.5776,2.072,train_good/000,0.066988,0.00067,0.995,0.999
mvtec_cable_gland,mvtec,test_defect,bent,bent_014,fpfh_ransac,23628,0.100423,0.022731,,,,0.6892,1.4038,train_good/000,0.066988,0.00067,0.995,0.999
mvtec_cable_gland,mvtec,test_defect,bent,bent_015,fpfh_ransac,25928,0.426554,0.022731,,,,0.3011,1.5114,train_good/000,0.066988,0.00067,0.995,0.999
mvtec_cable_gland,mvtec,test_defect,bent,bent_016,fpfh_ransac,23663,0.314723,0.022731,,,,0.7544,1.9926,train_good/000,0.066988,0.00067,0.995,0.999
mvtec_cable_gland,mvtec,test_defect,bent,bent_017,fpfh_ransac,27070,0.353648,0.022731,,,,0.4867,1.4351,train_good/000,0.066988,0.00067,0.995,0.999
mvtec_cable_gland,mvtec,test_defect,bent,bent_018,fpfh_ransac,25462,0.32122,0.022731,,,,0.729,2.2145,train_good/000,0.066988,0.00067,0.995,0.999
mvtec_cable_gland,mvtec,test_defect,bent,bent_019,fpfh_ransac,24074,0.099184,0.022731,,,,0.5812,1.3667,train_good/000,0.066988,0.00067,0.995,0.999
mvtec_cable_gland,mvtec,test_defect,bent,bent_020,fpfh_ransac,23203,0.073063,0.022731,,,,0.6725,1.8273,train_good/000,0.066988,0.00067,0.995,0.999
mvtec_cable_gland,mvtec,test_defect,hole,hole_000,fpfh_ransac,26737,0.335981,0.022731,,,,0.3542,1.672,train_good/000,0.066988,0.00067,0.995,0.999
mvtec_cable_gland,mvtec,test_defect,hole,hole_001,fpfh_ransac,25857,0.324686,0.022731,,,,0.4278,1.4648,train_good/000,0.066988,0.00067,0.995,0.999
mvtec_cable_gland,mvtec,test_defect,hole,hole_002,fpfh_ransac,26707,0.337286,0.022731,,,,0.5198,1.4786,train_good/000,0.066988,0.00067,0.995,0.999
mvtec_cable_gland,mvtec,test_defect,hole,hole_003,fpfh_ransac,26499,0.345599,0.022731,,,,0.7329,1.6088,train_good/000,0.066988,0.00067,0.995,0.999
mvtec_cable_gland,mvtec,test_defect,hole,hole_004,fpfh_ransac,26228,0.329389,0.022731,,,,0.6413,1.7638,train_good/000,0.066988,0.00067,0.995,0.999
mvtec_cable_gland,mvtec,test_defect,hole,hole_005,fpfh_ransac,24233,0.115562,0.022731,,,,0.5117,1.9542,train_good/000,0.066988,0.00067,0.995,0.999
mvtec_cable_gland,mvtec,test_defect,hole,hole_006,fpfh_ransac,25984,0.330842,0.022731,,,,0.3387,2.4219,train_good/000,0.066988,0.00067,0.995,0.999
mvtec_cable_gland,mvtec,test_defect,hole,hole_007,fpfh_ransac,23954,0.095597,0.022731,,,,0.5631,2.7333,train_good/000,0.066988,0.00067,0.995,0.999
mvtec_cable_gland,mvtec,test_defect,hole,hole_008,fpfh_ransac,23621,0.123861,0.022731,,,,0.5813,1.6956,train_good/000,0.066988,0.00067,0.995,0.999
mvtec_cable_gland,mvtec,test_defect,hole,hole_009,fpfh_ransac,22575,0.050744,0.022731,,,,0.5779,1.9653,train_good/000,0.066988,0.00067,0.995,0.999
mvtec_cable_gland,mvtec,test_defect,hole,hole_010,fpfh_ransac,27255,0.279322,0.022731,,,,0.1932,1.7624,train_good/000,0.066988,0.00067,0.995,0.999
mvtec_cable_gland,mvtec,test_defect,hole,hole_011,fpfh_ransac,25539,0.326202,0.022731,,,,0.2254,1.4532,train_good/000,0.066988,0.00067,0.995,0.999
mvtec_cable_gland,mvtec,test_defect,hole,hole_012,fpfh_ransac,23419,0.132587,0.022731,,,,0.4068,1.5571,train_good/000,0.066988,0.00067,0.995,0.999
mvtec_cable_gland,mvtec,test_defect,hole,hole_013,fpfh_ransac,23736,0.087296,0.022731,,,,0.4128,1.4285,train_good/000,0.066988,0.00067,0.995,0.999
mvtec_cable_gland,mvtec,test_defect,hole,hole_014,fpfh_ransac,26301,0.33949,0.022731,,,,0.3563,1.5319,train_good/000,0.066988,0.00067,0.995,0.999
mvtec_cable_gland,mvtec,test_defect,hole,hole_015,fpfh_ransac,25308,0.323597,0.022731,,,,0.3754,1.6314,train_good/000,0.066988,0.00067,0.995,0.999
mvtec_cable_gland,mvtec,test_defect,hole,hole_016,fpfh_ransac,24214,0.081324,0.022731,,,,0.5656,1.4997,train_good/000,0.066988,0.00067,0.995,0.999
mvtec_cable_gland,mvtec,test_defect,hole,hole_017,fpfh_ransac,23087,0.047637,0.022731,,,,0.4704,1.2821,train_good/000,0.066988,0.00067,0.995,0.999
mvtec_cable_gland,mvtec,test_defect,hole,hole_018,fpfh_ransac,26947,0.336227,0.022731,,,,0.389,1.4301,train_good/000,0.066988,0.00067,0.995,0.999
mvtec_cable_gland,mvtec,test_defect,hole,hole_019,fpfh_ransac,22823,0.321151,0.022731,,,,0.8543,0.8176,train_good/000,0.066988,0.00067,0.995,0.999
mvtec_cable_gland,mvtec,test_defect,hole,hole_020,fpfh_ransac,23961,0.122755,0.022731,,,,0.8864,1.7536,train_good/000,0.066988,0.00067,0.995,0.999
mvtec_cable_gland,mvtec,test_defect,hole,hole_021,fpfh_ransac,26396,0.338742,0.022731,,,,0.9518,1.5483,train_good/000,0.066988,0.00067,0.995,0.999
mvtec_cable_gland,mvtec,test_defect,thread,thread_000,fpfh_ransac,23783,0.10232,0.022731,,,,0.3208,1.8222,train_good/000,0.066988,0.00067,0.995,0.999
mvtec_cable_gland,mvtec,test_defect,thread,thread_001,fpfh_ransac,23748,0.04284,0.022731,,,,0.3224,1.0994,train_good/000,0.066988,0.00067,0.995,0.999
mvtec_cable_gland,mvtec,test_defect,thread,thread_002,fpfh_ransac,23140,0.04685,0.022731,,,,0.367,1.8741,train_good/000,0.066988,0.00067,0.995,0.999
mvtec_cable_gland,mvtec,test_defect,thread,thread_003,fpfh_ransac,24096,0.080779,0.022731,,,,0.4231,1.5075,train_good/000,0.066988,0.00067,0.995,0.999
mvtec_cable_gland,mvtec,test_defect,thread,thread_004,fpfh_ransac,23071,0.085768,0.022731,,,,0.4614,1.8964,train_good/000,0.066988,0.00067,0.995,0.999
mvtec_cable_gland,mvtec,test_defect,thread,thread_005,fpfh_ransac,23941,0.137275,0.022731,,,,0.4331,0.8747,train_good/000,0.066988,0.00067,0.995,0.999
mvtec_cable_gland,mvtec,test_defect,thread,thread_006,fpfh_ransac,22995,0.031269,0.022731,,,,0.6123,1.1085,train_good/000,0.066988,0.00067,0.995,0.999
mvtec_cable_gland,mvtec,test_defect,thread,thread_007,fpfh_ransac,24419,0.212997,0.022731,,,,0.3617,1.1166,train_good/000,0.066988,0.00067,0.995,0.999
mvtec_cable_gland,mvtec,test_defect,thread,thread_008,fpfh_ransac,23644,0.128472,0.022731,,,,0.2963,1.401,train_good/000,0.066988,0.00067,0.995,0.999
mvtec_cable_gland,mvtec,test_defect,thread,thread_009,fpfh_ransac,23218,0.317938,0.022731,,,,0.2696,1.5858,train_good/000,0.066988,0.00067,0.995,0.999
mvtec_cable_gland,mvtec,test_defect,thread,thread_010,fpfh_ransac,22959,0.031081,0.022731,,,,0.4504,1.3949,train_good/000,0.066988,0.00067,0.995,0.999
mvtec_cable_gland,mvtec,test_defect,thread,thread_011,fpfh_ransac,23173,0.047899,0.022731,,,,0.3658,1.5381,train_good/000,0.066988,0.00067,0.995,0.999
mvtec_cable_gland,mvtec,test_defect,thread,thread_012,fpfh_ransac,24210,0.118239,0.022731,,,,0.3308,1.4183,train_good/000,0.066988,0.00067,0.995,0.999
mvtec_cable_gland,mvtec,test_defect,thread,thread_013,fpfh_ransac,24214,0.112647,0.022731,,,,0.3159,1.7304,train_good/000,0.066988,0.00067,0.995,0.999
mvtec_cable_gland,mvtec,test_defect,thread,thread_014,fpfh_ransac,25604,0.329248,0.022731,,,,0.3855,1.4317,train_good/000,0.066988,0.00067,0.995,0.999
mvtec_cable_gland,mvtec,test_defect,thread,thread_015,fpfh_ransac,26134,0.323842,0.022731,,,,0.3259,1.6502,train_good/000,0.066988,0.00067,0.995,0.999
mvtec_cable_gland,mvtec,test_defect,thread,thread_016,fpfh_ransac,26272,0.33796,0.022731,,,,0.3456,1.4159,train_good/000,0.066988,0.00067,0.995,0.999
mvtec_cable_gland,mvtec,test_defect,thread,thread_017,fpfh_ransac,23907,0.12306,0.022731,,,,0.4542,1.2636,train_good/000,0.066988,0.00067,0.995,0.999
mvtec_cable_gland,mvtec,test_defect,thread,thread_018,fpfh_ransac,23525,0.32036,0.022731,,,,0.5522,1.497,train_good/000,0.066988,0.00067,0.995,0.999
mvtec_cable_gland,mvtec,test_defect,thread,thread_019,fpfh_ransac,23640,0.119995,0.022731,,,,0.4121,1.4721,train_good/000,0.066988,0.00067,0.995,0.999
mvtec_cable_gland,mvtec,test_defect,thread,thread_020,fpfh_ransac,25542,0.327051,0.022731,,,,0.3605,1.3826,train_good/000,0.066988,0.00067,0.995,0.999
mvtec_cable_gland,mvtec,test_defect,thread,thread_021,fpfh_ransac,23798,0.108206,0.022731,,,,0.292,1.7767,train_good/000,0.066988,0.00067,0.995,0.999
mvtec_bagel,mvtec,test_good,,000,fpfh_ransac,210373,0.057428,0.01883,,,,,1.6704,train_good/000,0.15025,0.001502,0.995,0.999
mvtec_bagel,mvtec,test_good,,001,fpfh_ransac,216638,0.081738,0.01883,,,,,1.827,train_good/000,0.15025,0.001502,0.995,0.999
mvtec_bagel,mvtec,test_good,,002,fpfh_ransac,215905,0.055309,0.01883,,,,,1.6259,train_good/000,0.15025,0.001502,0.995,0.999
mvtec_bagel,mvtec,test_good,,003,fpfh_ransac,220693,0.053413,0.01883,,,,,1.59,train_good/000,0.15025,0.001502,0.995,0.999
mvtec_bagel,mvtec,test_good,,004,fpfh_ransac,208502,0.051558,0.01883,,,,,1.5725,train_good/000,0.15025,0.001502,0.995,0.999
mvtec_bagel,mvtec,test_good,,005,fpfh_ransac,212389,0.054968,0.01883,,,,,2.1677,train_good/000,0.15025,0.001502,0.995,0.999
mvtec_bagel,mvtec,test_good,,006,fpfh_ransac,210770,0.058123,0.01883,,,,,1.4687,train_good/000,0.15025,0.001502,0.995,0.999
mvtec_bagel,mvtec,test_good,,007,fpfh_ransac,230502,0.110839,0.01883,,,,,1.5979,train_good/000,0.15025,0.001502,0.995,0.999
mvtec_bagel,mvtec,test_good,,008,fpfh_ransac,217137,0.075178,0.01883,,,,,1.4169,train_good/000,0.15025,0.001502,0.995,0.999
mvtec_bagel,mvtec,test_good,,009,fpfh_ransac,221653,0.097645,0.01883,,,,,1.6234,train_good/000,0.15025,0.001502,0.995,0.999
mvtec_bagel,mvtec,test_good,,010,fpfh_ransac,203508,0.060128,0.01883,,,,,1.534,train_good/000,0.15025,0.001502,0.995,0.999
mvtec_bagel,mvtec,test_good,,011,fpfh_ransac,222287,0.067207,0.01883,,,,,1.6714,train_good/000,0.15025,0.001502,0.995,0.999
mvtec_bagel,mvtec,test_good,,012,fpfh_ransac,217527,0.086781,0.01883,,,,,1.2414,train_good/000,0.15025,0.001502,0.995,0.999
mvtec_bagel,mvtec,test_good,,013,fpfh_ransac,213799,0.059558,0.01883,,,,,1.5238,train_good/000,0.15025,0.001502,0.995,0.999
mvtec_bagel,mvtec,test_good,,014,fpfh_ransac,207213,0.038557,0.01883,,,,,1.9284,train_good/000,0.15025,0.001502,0.995,0.999
mvtec_bagel,mvtec,test_good,,015,fpfh_ransac,201077,0.033454,0.01883,,,,,1.8649,train_good/000,0.15025,0.001502,0.995,0.999
mvtec_bagel,mvtec,test_good,,016,fpfh_ransac,224269,0.077996,0.01883,,,,,1.4179,train_good/000,0.15025,0.001502,0.995,0.999
mvtec_bagel,mvtec,test_good,,017,fpfh_ransac,223896,0.077278,0.01883,,,,,1.5678,train_good/000,0.15025,0.001502,0.995,0.999
mvtec_bagel,mvtec,test_good,,018,fpfh_ransac,226304,0.077506,0.01883,,,,,1.6322,train_good/000,0.15025,0.001502,0.995,0.999
mvtec_bagel,mvtec,test_good,,019,fpfh_ransac,224542,0.089735,0.01883,,,,,1.8759,train_good/000,0.15025,0.001502,0.995,0.999
mvtec_bagel,mvtec,test_good,,020,fpfh_ransac,225988,0.102903,0.01883,,,,,1.6663,train_good/000,0.15025,0.001502,0.995,0.999
mvtec_bagel,mvtec,test_good,,021,fpfh_ransac,225918,0.113762,0.01883,,,,,1.4823,train_good/000,0.15025,0.001502,0.995,0.999
mvtec_bagel,mvtec,test_defect,crack,crack_000,fpfh_ransac,201367,0.066011,0.01883,,,,0.5049,1.6823,train_good/000,0.15025,0.001502,0.995,0.999
mvtec_bagel,mvtec,test_defect,crack,crack_001,fpfh_ransac,223742,0.072831,0.01883,,,,0.6165,1.5688,train_good/000,0.15025,0.001502,0.995,0.999
mvtec_bagel,mvtec,test_defect,crack,crack_002,fpfh_ransac,211025,0.059611,0.01883,,,,0.7666,1.7647,train_good/000,0.15025,0.001502,0.995,0.999
mvtec_bagel,mvtec,test_defect,crack,crack_003,fpfh_ransac,232417,0.08984,0.01883,,,,0.267,1.7742,train_good/000,0.15025,0.001502,0.995,0.999
mvtec_bagel,mvtec,test_defect,crack,crack_004,fpfh_ransac,214596,0.039874,0.01883,,,,0.5241,1.6344,train_good/000,0.15025,0.001502,0.995,0.999
mvtec_bagel,mvtec,test_defect,crack,crack_005,fpfh_ransac,216194,0.067159,0.01883,,,,0.7525,1.7163,train_good/000,0.15025,0.001502,0.995,0.999
mvtec_bagel,mvtec,test_defect,crack,crack_006,fpfh_ransac,217627,0.070884,0.01883,,,,0.6736,1.42,train_good/000,0.15025,0.001502,0.995,0.999
mvtec_bagel,mvtec,test_defect,crack,crack_007,fpfh_ransac,206452,0.050224,0.01883,,,,0.6248,1.3297,train_good/000,0.15025,0.001502,0.995,0.999
mvtec_bagel,mvtec,test_defect,crack,crack_008,fpfh_ransac,204228,0.080346,0.01883,,,,0.6619,1.8718,train_good/000,0.15025,0.001502,0.995,0.999
mvtec_bagel,mvtec,test_defect,crack,crack_009,fpfh_ransac,214902,0.058877,0.01883,,,,0.5814,1.7118,train_good/000,0.15025,0.001502,0.995,0.999
mvtec_bagel,mvtec,test_defect,crack,crack_010,fpfh_ransac,221849,0.118546,0.01883,,,,0.5013,1.5911,train_good/000,0.15025,0.001502,0.995,0.999
mvtec_bagel,mvtec,test_defect,crack,crack_011,fpfh_ransac,229943,0.099063,0.01883,,,,0.6542,1.4678,train_good/000,0.15025,0.001502,0.995,0.999
mvtec_bagel,mvtec,test_defect,crack,crack_012,fpfh_ransac,213294,0.071277,0.01883,,,,0.8079,1.6526,train_good/000,0.15025,0.001502,0.995,0.999
mvtec_bagel,mvtec,test_defect,crack,crack_013,fpfh_ransac,223580,0.06891,0.01883,,,,0.6781,1.4989,train_good/000,0.15025,0.001502,0.995,0.999
mvtec_bagel,mvtec,test_defect,crack,crack_014,fpfh_ransac,213108,0.069942,0.01883,,,,0.7737,1.7693,train_good/000,0.15025,0.001502,0.995,0.999
mvtec_bagel,mvtec,test_defect,crack,crack_015,fpfh_ransac,225183,0.07058,0.01883,,,,0.8063,1.7058,train_good/000,0.15025,0.001502,0.995,0.999
mvtec_bagel,mvtec,test_defect,crack,crack_016,fpfh_ransac,218203,0.082908,0.01883,,,,0.8656,1.4127,train_good/000,0.15025,0.001502,0.995,0.999
mvtec_bagel,mvtec,test_defect,crack,crack_017,fpfh_ransac,221653,0.088785,0.01883,,,,0.9212,1.7156,train_good/000,0.15025,0.001502,0.995,0.999
mvtec_bagel,mvtec,test_defect,crack,crack_018,fpfh_ransac,211601,0.058945,0.01883,,,,0.828,1.9186,train_good/000,0.15025,0.001502,0.995,0.999
mvtec_bagel,mvtec,test_defect,crack,crack_019,fpfh_ransac,218617,0.052433,0.01883,,,,0.8258,1.7845,train_good/000,0.15025,0.001502,0.995,0.999
mvtec_bagel,mvtec,test_defect,crack,crack_020,fpfh_ransac,209647,0.046162,0.01883,,,,0.7611,1.2263,train_good/000,0.15025,0.001502,0.995,0.999
mvtec_bagel,mvtec,test_defect,crack,crack_021,fpfh_ransac,199456,0.058504,0.01883,,,,0.7469,1.6366,train_good/000,0.15025,0.001502,0.995,0.999
mvtec_bagel,mvtec,test_defect,hole,hole_000,fpfh_ransac,207771,0.045692,0.01883,,,,0.7906,1.4076,train_good/000,0.15025,0.001502,0.995,0.999
mvtec_bagel,mvtec,test_defect,hole,hole_001,fpfh_ransac,224711,0.101661,0.01883,,,,0.6206,1.6289,train_good/000,0.15025,0.001502,0.995,0.999
mvtec_bagel,mvtec,test_defect,hole,hole_002,fpfh_ransac,212803,0.049627,0.01883,,,,0.5129,1.2392,train_good/000,0.15025,0.001502,0.995,0.999
mvtec_bagel,mvtec,test_defect,hole,hole_003,fpfh_ransac,208562,0.056537,0.01883,,,,0.4975,1.4547,train_good/000,0.15025,0.001502,0.995,0.999
mvtec_bagel,mvtec,test_defect,hole,hole_004,fpfh_ransac,204387,0.048199,0.01883,,,,0.6243,1.6674,train_good/000,0.15025,0.001502,0.995,0.999
mvtec_bagel,mvtec,test_defect,hole,hole_005,fpfh_ransac,199006,0.045696,0.01883,,,,0.3523,1.7543,train_good/000,0.15025,0.001502,0.995,0.999
mvtec_bagel,mvtec,test_defect,hole,hole_006,fpfh_ransac,217596,0.075494,0.01883,,,,0.399,1.46,train_good/000,0.15025,0.001502,0.995,0.999
mvtec_bagel,mvtec,test_defect,hole,hole_007,fpfh_ransac,209778,0.050244,0.01883,,,,0.5214,1.4173,train_good/000,0.15025,0.001502,0.995,0.999
mvtec_bagel,mvtec,test_defect,hole,hole_008,fpfh_ransac,197801,0.057053,0.01883,,,,0.4698,1.6146,train_good/000,0.15025,0.001502,0.995,0.999
mvtec_bagel,mvtec,test_defect,hole,hole_009,fpfh_ransac,224569,0.105402,0.01883,,,,0.6081,1.6101,train_good/000,0.15025,0.001502,0.995,0.999
mvtec_bagel,mvtec,test_defect,hole,hole_010,fpfh_ransac,206172,0.063695,0.01883,,,,0.5655,1.7514,train_good/000,0.15025,0.001502,0.995,0.999
mvtec_bagel,mvtec,test_defect,hole,hole_011,fpfh_ransac,222570,0.098228,0.01883,,,,0.4054,1.5048,train_good/000,0.15025,0.001502,0.995,0.999
mvtec_bagel,mvtec,test_defect,hole,hole_012,fpfh_ransac,238859,0.211217,0.01883,,,,0.4928,1.3867,train_good/000,0.15025,0.001502,0.995,0.999
mvtec_bagel,mvtec,test_defect,hole,hole_013,fpfh_ransac,227852,0.07424,0.01883,,,,0.5492,1.72,train_good/000,0.15025,0.001502,0.995,0.999
mvtec_bagel,mvtec,test_defect,hole,hole_014,fpfh_ransac,224217,0.070219,0.01883,,,,0.634,1.6508,train_good/000,0.15025,0.001502,0.995,0.999
mvtec_bagel,mvtec,test_defect,hole,hole_015,fpfh_ransac,210860,0.056648,0.01883,,,,0.4378,1.6564,train_good/000,0.15025,0.001502,0.995,0.999
mvtec_bagel,mvtec,test_defect,hole,hole_016,fpfh_ransac,204093,0.05721,0.01883,,,,0.539,1.697,train_good/000,0.15025,0.001502,0.995,0.999
mvtec_bagel,mvtec,test_defect,hole,hole_017,fpfh_ransac,216181,0.088288,0.01883,,,,0.4337,1.714,train_good/000,0.15025,0.001502,0.995,0.999
mvtec_bagel,mvtec,test_defect,hole,hole_018,fpfh_ransac,207251,0.050765,0.01883,,,,0.564,1.5014,train_good/000,0.15025,0.001502,0.995,0.999
mvtec_bagel,mvtec,test_defect,hole,hole_019,fpfh_ransac,217469,0.077475,0.01883,,,,0.6519,1.8961,train_good/000,0.15025,0.001502,0.995,0.999
mvtec_bagel,mvtec,test_defect,hole,hole_020,fpfh_ransac,226759,0.082067,0.01883,,,,0.3222,1.6093,train_good/000,0.15025,0.001502,0.995,0.999
mvtec_dowel,mvtec,test_good,,000,fpfh_ransac,12949,0.074759,0.010553,,,,,0.7954,train_good/000,0.058787,0.000588,0.995,0.999
mvtec_dowel,mvtec,test_good,,001,fpfh_ransac,13105,0.068648,0.010553,,,,,1.4572,train_good/000,0.058787,0.000588,0.995,0.999
mvtec_dowel,mvtec,test_good,,002,fpfh_ransac,13086,0.085566,0.010553,,,,,0.8145,train_good/000,0.058787,0.000588,0.995,0.999
mvtec_dowel,mvtec,test_good,,003,fpfh_ransac,13711,0.067076,0.010553,,,,,0.335,train_good/000,0.058787,0.000588,0.995,0.999
mvtec_dowel,mvtec,test_good,,004,fpfh_ransac,13040,0.073301,0.010553,,,,,1.9315,train_good/000,0.058787,0.000588,0.995,0.999
mvtec_dowel,mvtec,test_good,,005,fpfh_ransac,13658,0.187892,0.010553,,,,,1.8043,train_good/000,0.058787,0.000588,0.995,0.999
mvtec_dowel,mvtec,test_good,,006,fpfh_ransac,13296,0.085836,0.010553,,,,,0.9207,train_good/000,0.058787,0.000588,0.995,0.999
mvtec_dowel,mvtec,test_good,,007,fpfh_ransac,13808,0.087829,0.010553,,,,,0.2893,train_good/000,0.058787,0.000588,0.995,0.999
mvtec_dowel,mvtec,test_good,,008,fpfh_ransac,13075,0.091216,0.010553,,,,,1.1363,train_good/000,0.058787,0.000588,0.995,0.999
mvtec_dowel,mvtec,test_good,,009,fpfh_ransac,13696,0.072335,0.010553,,,,,0.5429,train_good/000,0.058787,0.000588,0.995,0.999
mvtec_dowel,mvtec,test_good,,010,fpfh_ransac,13182,0.081029,0.010553,,,,,0.6583,train_good/000,0.058787,0.000588,0.995,0.999
mvtec_dowel,mvtec,test_good,,011,fpfh_ransac,13290,0.161328,0.010553,,,,,2.2532,train_good/000,0.058787,0.000588,0.995,0.999
mvtec_dowel,mvtec,test_good,,012,fpfh_ransac,12771,0.059758,0.010553,,,,,1.3714,train_good/000,0.058787,0.000588,0.995,0.999
mvtec_dowel,mvtec,test_good,,013,fpfh_ransac,13756,0.079511,0.010553,,,,,0.3783,train_good/000,0.058787,0.000588,0.995,0.999
mvtec_dowel,mvtec,test_good,,014,fpfh_ransac,12893,0.073552,0.010553,,,,,0.7258,train_good/000,0.058787,0.000588,0.995,0.999
mvtec_dowel,mvtec,test_good,,015,fpfh_ransac,13560,0.074148,0.010553,,,,,0.9771,train_good/000,0.058787,0.000588,0.995,0.999
mvtec_dowel,mvtec,test_good,,016,fpfh_ransac,13207,0.085504,0.010553,,,,,1.1096,train_good/000,0.058787,0.000588,0.995,0.999
mvtec_dowel,mvtec,test_good,,017,fpfh_ransac,13602,0.078064,0.010553,,,,,0.3177,train_good/000,0.058787,0.000588,0.995,0.999
mvtec_dowel,mvtec,test_good,,018,fpfh_ransac,12970,0.07523,0.010553,,,,,0.5882,train_good/000,0.058787,0.000588,0.995,0.999
mvtec_dowel,mvtec,test_good,,019,fpfh_ransac,13457,0.423437,0.010553,,,,,1.1745,train_good/000,0.058787,0.000588,0.995,0.999
mvtec_dowel,mvtec,test_good,,020,fpfh_ransac,13251,0.065304,0.010553,,,,,0.9669,train_good/000,0.058787,0.000588,0.995,0.999
mvtec_dowel,mvtec,test_good,,021,fpfh_ransac,13456,0.06779,0.010553,,,,,0.295,train_good/000,0.058787,0.000588,0.995,0.999
mvtec_dowel,mvtec,test_good,,022,fpfh_ransac,13151,0.076961,0.010553,,,,,0.7188,train_good/000,0.058787,0.000588,0.995,0.999
mvtec_dowel,mvtec,test_good,,023,fpfh_ransac,13265,0.079027,0.010553,,,,,1.7879,train_good/000,0.058787,0.000588,0.995,0.999
mvtec_dowel,mvtec,test_good,,024,fpfh_ransac,13008,0.061069,0.010553,,,,,0.8434,train_good/000,0.058787,0.000588,0.995,0.999
mvtec_dowel,mvtec,test_good,,025,fpfh_ransac,12938,0.07165,0.010553,,,,,0.8472,train_good/000,0.058787,0.000588,0.995,0.999
mvtec_dowel,mvtec,test_defect,bent,bent_000,fpfh_ransac,12834,0.073223,0.010553,,,,0.8251,0.6709,train_good/000,0.058787,0.000588,0.995,0.999
mvtec_dowel,mvtec,test_defect,bent,bent_001,fpfh_ransac,13355,0.081208,0.010553,,,,0.9046,0.873,train_good/000,0.058787,0.000588,0.995,0.999
mvtec_dowel,mvtec,test_defect,bent,bent_002,fpfh_ransac,13849,0.067051,0.010553,,,,0.6562,0.6749,train_good/000,0.058787,0.000588,0.995,0.999
mvtec_dowel,mvtec,test_defect,bent,bent_003,fpfh_ransac,12909,0.084417,0.010553,,,,0.6984,1.2399,train_good/000,0.058787,0.000588,0.995,0.999
mvtec_dowel,mvtec,test_defect,bent,bent_004,fpfh_ransac,12941,0.311427,0.010553,,,,0.6743,0.784,train_good/000,0.058787,0.000588,0.995,0.999
mvtec_dowel,mvtec,test_defect,bent,bent_005,fpfh_ransac,12986,0.07447,0.010553,,,,0.5556,0.6277,train_good/000,0.058787,0.000588,0.995,0.999
mvtec_dowel,mvtec,test_defect,bent,bent_006,fpfh_ransac,13062,0.46088,0.010553,,,,0.3784,1.5207,train_good/000,0.058787,0.000588,0.995,0.999
mvtec_dowel,mvtec,test_defect,bent,bent_007,fpfh_ransac,12880,0.168001,0.010553,,,,0.0423,0.8767,train_good/000,0.058787,0.000588,0.995,0.999
mvtec_dowel,mvtec,test_defect,bent,bent_008,fpfh_ransac,13857,0.086278,0.010553,,,,0.7063,0.5565,train_good/000,0.058787,0.000588,0.995,0.999
mvtec_dowel,mvtec,test_defect,bent,bent_009,fpfh_ransac,12806,0.074084,0.010553,,,,0.7047,0.5972,train_good/000,0.058787,0.000588,0.995,0.999
mvtec_dowel,mvtec,test_defect,bent,bent_010,fpfh_ransac,13074,0.078942,0.010553,,,,0.7316,1.8441,train_good/000,0.058787,0.000588,0.995,0.999
mvtec_dowel,mvtec,test_defect,bent,bent_011,fpfh_ransac,13018,0.088472,0.010553,,,,0.8106,1.0336,train_good/000,0.058787,0.000588,0.995,0.999
mvtec_dowel,mvtec,test_defect,bent,bent_012,fpfh_ransac,13787,0.068451,0.010553,,,,0.7378,0.5064,train_good/000,0.058787,0.000588,0.995,0.999
mvtec_dowel,mvtec,test_defect,bent,bent_013,fpfh_ransac,12942,0.071035,0.010553,,,,0.8474,0.7863,train_good/000,0.058787,0.000588,0.995,0.999
mvtec_dowel,mvtec,test_defect,bent,bent_014,fpfh_ransac,13339,0.071804,0.010553,,,,0.6061,1.878,train_good/000,0.058787,0.000588,0.995,0.999
mvtec_dowel,mvtec,test_defect,bent,bent_015,fpfh_ransac,13268,0.081609,0.010553,,,,0.7349,0.6507,train_good/000,0.058787,0.000588,0.995,0.999
mvtec_dowel,mvtec,test_defect,bent,bent_016,fpfh_ransac,13383,0.069245,0.010553,,,,0.6146,0.5805,train_good/000,0.058787,0.000588,0.995,0.999
mvtec_dowel,mvtec,test_defect,bent,bent_017,fpfh_ransac,12868,0.062596,0.010553,,,,0.906,1.0003,train_good/000,0.058787,0.000588,0.995,0.999
mvtec_dowel,mvtec,test_defect,bent,bent_018,fpfh_ransac,12992,0.060898,0.010553,,,,0.8952,0.8954,train_good/000,0.058787,0.000588,0.995,0.999
mvtec_dowel,mvtec,test_defect,bent,bent_019,fpfh_ransac,12927,0.078169,0.010553,,,,0.7569,0.8731,train_good/000,0.058787,0.000588,0.995,0.999
mvtec_dowel,mvtec,test_defect,bent,bent_020,fpfh_ransac,13119,0.078047,0.010553,,,,0.7012,0.7219,train_good/000,0.058787,0.000588,0.995,0.999
mvtec_dowel,mvtec,test_defect,bent,bent_021,fpfh_ransac,13347,0.301821,0.010553,,,,0.0544,1.5879,train_good/000,0.058787,0.000588,0.995,0.999
mvtec_dowel,mvtec,test_defect,bent,bent_022,fpfh_ransac,13121,0.06336,0.010553,,,,0.7431,0.9695,train_good/000,0.058787,0.000588,0.995,0.999
mvtec_dowel,mvtec,test_defect,bent,bent_023,fpfh_ransac,12799,0.076305,0.010553,,,,0.8699,0.6259,train_good/000,0.058787,0.000588,0.995,0.999
mvtec_dowel,mvtec,test_defect,bent,bent_024,fpfh_ransac,12842,0.061477,0.010553,,,,0.7876,1.0533,train_good/000,0.058787,0.000588,0.995,0.999
mvtec_dowel,mvtec,test_defect,bent,bent_025,fpfh_ransac,13172,0.092151,0.010553,,,,0.8377,1.4177,train_good/000,0.058787,0.000588,0.995,0.999
mvtec_dowel,mvtec,test_defect,bent,bent_026,fpfh_ransac,13156,0.082528,0.010553,,,,0.7149,0.7815,train_good/000,0.058787,0.000588,0.995,0.999
mvtec_dowel,mvtec,test_defect,cut,cut_000,fpfh_ransac,12968,0.090976,0.010553,,,,0.757,0.7497,train_good/000,0.058787,0.000588,0.995,0.999
mvtec_dowel,mvtec,test_defect,cut,cut_001,fpfh_ransac,13034,0.085574,0.010553,,,,0.7872,0.9739,train_good/000,0.058787,0.000588,0.995,0.999
mvtec_dowel,mvtec,test_defect,cut,cut_002,fpfh_ransac,13407,0.072413,0.010553,,,,0.8469,0.3552,train_good/000,0.058787,0.000588,0.995,0.999
mvtec_dowel,mvtec,test_defect,cut,cut_003,fpfh_ransac,13113,0.085108,0.010553,,,,0.6748,1.1979,train_good/000,0.058787,0.000588,0.995,0.999
mvtec_dowel,mvtec,test_defect,cut,cut_004,fpfh_ransac,12805,0.077523,0.010553,,,,0.7776,0.7343,train_good/000,0.058787,0.000588,0.995,0.999
mvtec_dowel,mvtec,test_defect,cut,cut_005,fpfh_ransac,13063,0.730109,0.010553,,,,0.1381,0.9996,train_good/000,0.058787,0.000588,0.995,0.999
mvtec_dowel,mvtec,test_defect,cut,cut_006,fpfh_ransac,13111,0.065192,0.010553,,,,0.6548,1.9965,train_good/000,0.058787,0.000588,0.995,0.999
mvtec_dowel,mvtec,test_defect,cut,cut_007,fpfh_ransac,12789,0.082848,0.010553,,,,0.6718,0.9788,train_good/000,0.058787,0.000588,0.995,0.999
mvtec_dowel,mvtec,test_defect,cut,cut_008,fpfh_ransac,13340,0.069114,0.010553,,,,0.9166,0.291,train_good/000,0.058787,0.000588,0.995,0.999
mvtec_dowel,mvtec,test_defect,cut,cut_009,fpfh_ransac,12908,0.113404,0.010553,,,,0.476,1.3974,train_good/000,0.058787,0.000588,0.995,0.999
mvtec_dowel,mvtec,test_defect,cut,cut_010,fpfh_ransac,12351,0.063008,0.010553,,,,0.7388,0.6818,train_good/000,0.058787,0.000588,0.995,0.999
mvtec_dowel,mvtec,test_defect,cut,cut_011,fpfh_ransac,13267,0.073401,0.010553,,,,0.9373,1.0615,train_good/000,0.058787,0.000588,0.995,0.999
mvtec_dowel,mvtec,test_defect,cut,cut_012,fpfh_ransac,13070,0.074682,0.010553,,,,0.4968,1.8096,train_good/000,0.058787,0.000588,0.995,0.999
mvtec_dowel,mvtec,test_defect,cut,cut_013,fpfh_ransac,12337,0.53859,0.010553,,,,0.6087,0.7037,train_good/000,0.058787,0.000588,0.995,0.999
mvtec_dowel,mvtec,test_defect,cut,cut_014,fpfh_ransac,12749,0.071485,0.010553,,,,0.7247,0.6051,train_good/000,0.058787,0.000588,0.995,0.999
mvtec_dowel,mvtec,test_defect,cut,cut_015,fpfh_ransac,12938,0.060851,0.010553,,,,0.6115,0.8423,train_good/000,0.058787,0.000588,0.995,0.999
mvtec_dowel,mvtec,test_defect,cut,cut_016,fpfh_ransac,12915,0.085606,0.010553,,,,0.8259,1.0656,train_good/000,0.058787,0.000588,0.995,0.999
mvtec_dowel,mvtec,test_defect,cut,cut_017,fpfh_ransac,13735,0.070424,0.010553,,,,0.7466,0.3297,train_good/000,0.058787,0.000588,0.995,0.999
mvtec_dowel,mvtec,test_defect,cut,cut_018,fpfh_ransac,12823,0.084726,0.010553,,,,0.7147,0.8418,train_good/000,0.058787,0.000588,0.995,0.999
mvtec_dowel,mvtec,test_defect,cut,cut_019,fpfh_ransac,13264,0.072848,0.010553,,,,0.8052,0.6142,train_good/000,0.058787,0.000588,0.995,0.999
mvtec_dowel,mvtec,test_defect,cut,cut_020,fpfh_ransac,12641,0.068551,0.010553,,,,0.6867,0.7619,train_good/000,0.058787,0.000588,0.995,0.999
mvtec_dowel,mvtec,test_defect,cut,cut_021,fpfh_ransac,13245,0.080623,0.010553,,,,0.5941,1.4679,train_good/000,0.058787,0.000588,0.995,0.999
mvtec_dowel,mvtec,test_defect,cut,cut_022,fpfh_ransac,12769,0.069963,0.010553,,,,0.7545,0.4231,train_good/000,0.058787,0.000588,0.995,0.999
mvtec_dowel,mvtec,test_defect,cut,cut_023,fpfh_ransac,12909,0.086265,0.010553,,,,0.7312,1.4041,train_good/000,0.058787,0.000588,0.995,0.999
mvtec_dowel,mvtec,test_defect,cut,cut_024,fpfh_ransac,12982,0.086772,0.010553,,,,0.8493,1.081,train_good/000,0.058787,0.000588,0.995,0.999
mvtec_tire,mvtec,test_good,,000,fpfh_ransac,94127,0.079768,0.013131,,,,,1.4709,train_good/000,0.136478,0.001365,0.995,0.999
mvtec_tire,mvtec,test_good,,001,fpfh_ransac,93871,0.019617,0.013131,,,,,1.3452,train_good/000,0.136478,0.001365,0.995,0.999
mvtec_tire,mvtec,test_good,,002,fpfh_ransac,93732,0.161889,0.013131,,,,,1.8287,train_good/000,0.136478,0.001365,0.995,0.999
mvtec_tire,mvtec,test_good,,003,fpfh_ransac,93946,0.091228,0.013131,,,,,1.7976,train_good/000,0.136478,0.001365,0.995,0.999
mvtec_tire,mvtec,test_good,,004,fpfh_ransac,94176,0.064638,0.013131,,,,,1.6458,train_good/000,0.136478,0.001365,0.995,0.999
mvtec_tire,mvtec,test_good,,005,fpfh_ransac,92955,0.018335,0.013131,,,,,1.2686,train_good/000,0.136478,0.001365,0.995,0.999
mvtec_tire,mvtec,test_good,,006,fpfh_ransac,94490,0.056074,0.013131,,,,,1.5379,train_good/000,0.136478,0.001365,0.995,0.999
mvtec_tire,mvtec,test_good,,007,fpfh_ransac,93576,0.07751,0.013131,,,,,1.4921,train_good/000,0.136478,0.001365,0.995,0.999
mvtec_tire,mvtec,test_good,,008,fpfh_ransac,92877,0.091929,0.013131,,,,,2.3891,train_good/000,0.136478,0.001365,0.995,0.999
mvtec_tire,mvtec,test_good,,009,fpfh_ransac,94145,0.018005,0.013131,,,,,1.8313,train_good/000,0.136478,0.001365,0.995,0.999
mvtec_tire,mvtec,test_good,,010,fpfh_ransac,93817,0.074869,0.013131,,,,,2.4763,train_good/000,0.136478,0.001365,0.995,0.999
mvtec_tire,mvtec,test_good,,011,fpfh_ransac,95100,0.019944,0.013131,,,,,2.1468,train_good/000,0.136478,0.001365,0.995,0.999
mvtec_tire,mvtec,test_good,,012,fpfh_ransac,93585,0.07819,0.013131,,,,,2.1245,train_good/000,0.136478,0.001365,0.995,0.999
mvtec_tire,mvtec,test_good,,013,fpfh_ransac,93758,0.020654,0.013131,,,,,1.6487,train_good/000,0.136478,0.001365,0.995,0.999
mvtec_tire,mvtec,test_good,,014,fpfh_ransac,93502,0.02136,0.013131,,,,,1.3315,train_good/000,0.136478,0.001365,0.995,0.999
mvtec_tire,mvtec,test_good,,015,fpfh_ransac,92844,0.162059,0.013131,,,,,1.8382,train_good/000,0.136478,0.001365,0.995,0.999
mvtec_tire,mvtec,test_good,,016,fpfh_ransac,92701,0.021593,0.013131,,,,,1.4886,train_good/000,0.136478,0.001365,0.995,0.999
mvtec_tire,mvtec,test_good,,017,fpfh_ransac,93129,0.078019,0.013131,,,,,1.5538,train_good/000,0.136478,0.001365,0.995,0.999
mvtec_tire,mvtec,test_good,,018,fpfh_ransac,92038,0.062727,0.013131,,,,,1.6161,train_good/000,0.136478,0.001365,0.995,0.999
mvtec_tire,mvtec,test_good,,019,fpfh_ransac,93751,0.079458,0.013131,,,,,1.4459,train_good/000,0.136478,0.001365,0.995,0.999
mvtec_tire,mvtec,test_good,,020,fpfh_ransac,93165,0.081575,0.013131,,,,,1.6077,train_good/000,0.136478,0.001365,0.995,0.999
mvtec_tire,mvtec,test_good,,021,fpfh_ransac,92976,0.077782,0.013131,,,,,1.3891,train_good/000,0.136478,0.001365,0.995,0.999
mvtec_tire,mvtec,test_good,,022,fpfh_ransac,92175,0.072804,0.013131,,,,,1.4112,train_good/000,0.136478,0.001365,0.995,0.999
mvtec_tire,mvtec,test_good,,023,fpfh_ransac,93917,0.079931,0.013131,,,,,1.5648,train_good/000,0.136478,0.001365,0.995,0.999
mvtec_tire,mvtec,test_good,,024,fpfh_ransac,95031,0.080065,0.013131,,,,,1.3972,train_good/000,0.136478,0.001365,0.995,0.999
mvtec_tire,mvtec,test_defect,cut,cut_000,fpfh_ransac,94114,0.073247,0.013131,,,,0.8366,1.3493,train_good/000,0.136478,0.001365,0.995,0.999
mvtec_tire,mvtec,test_defect,cut,cut_001,fpfh_ransac,94650,0.095213,0.013131,,,,0.6914,1.9996,train_good/000,0.136478,0.001365,0.995,0.999
mvtec_tire,mvtec,test_defect,cut,cut_002,fpfh_ransac,94407,0.075381,0.013131,,,,0.7912,1.5005,train_good/000,0.136478,0.001365,0.995,0.999
mvtec_tire,mvtec,test_defect,cut,cut_003,fpfh_ransac,94409,0.071314,0.013131,,,,0.7516,1.2357,train_good/000,0.136478,0.001365,0.995,0.999
mvtec_tire,mvtec,test_defect,cut,cut_004,fpfh_ransac,94742,0.07914,0.013131,,,,0.6175,1.488,train_good/000,0.136478,0.001365,0.995,0.999
mvtec_tire,mvtec,test_defect,cut,cut_005,fpfh_ransac,95246,0.055019,0.013131,,,,0.798,1.6744,train_good/000,0.136478,0.001365,0.995,0.999
mvtec_tire,mvtec,test_defect,cut,cut_006,fpfh_ransac,94168,0.027561,0.013131,,,,0.6437,1.7878,train_good/000,0.136478,0.001365,0.995,0.999
mvtec_tire,mvtec,test_defect,cut,cut_007,fpfh_ransac,94229,0.164017,0.013131,,,,0.8465,1.669,train_good/000,0.136478,0.001365,0.995,0.999
mvtec_tire,mvtec,test_defect,cut,cut_008,fpfh_ransac,92685,0.024671,0.013131,,,,0.823,1.4515,train_good/000,0.136478,0.001365,0.995,0.999
mvtec_tire,mvtec,test_defect,cut,cut_009,fpfh_ransac,92721,0.057871,0.013131,,,,0.7858,1.4857,train_good/000,0.136478,0.001365,0.995,0.999
mvtec_tire,mvtec,test_defect,cut,cut_010,fpfh_ransac,92357,0.027455,0.013131,,,,0.5906,1.8193,train_good/000,0.136478,0.001365,0.995,0.999
mvtec_tire,mvtec,test_defect,cut,cut_011,fpfh_ransac,93679,0.026502,0.013131,,,,0.4834,1.6364,train_good/000,0.136478,0.001365,0.995,0.999
mvtec_tire,mvtec,test_defect,cut,cut_012,fpfh_ransac,93730,0.064226,0.013131,,,,0.8577,1.4096,train_good/000,0.136478,0.001365,0.995,0.999
mvtec_tire,mvtec,test_defect,cut,cut_013,fpfh_ransac,94706,0.068851,0.013131,,,,0.911,1.5063,train_good/000,0.136478,0.001365,0.995,0.999
mvtec_tire,mvtec,test_defect,cut,cut_014,fpfh_ransac,92738,0.074435,0.013131,,,,0.9617,1.3754,train_good/000,0.136478,0.001365,0.995,0.999
mvtec_tire,mvtec,test_defect,cut,cut_015,fpfh_ransac,94954,0.020673,0.013131,,,,0.8057,1.4731,train_good/000,0.136478,0.001365,0.995,0.999
mvtec_tire,mvtec,test_defect,cut,cut_016,fpfh_ransac,94894,0.06274,0.013131,,,,0.7937,1.5214,train_good/000,0.136478,0.001365,0.995,0.999
mvtec_tire,mvtec,test_defect,cut,cut_017,fpfh_ransac,94304,0.078182,0.013131,,,,0.8182,1.4195,train_good/000,0.136478,0.001365,0.995,0.999
mvtec_tire,mvtec,test_defect,cut,cut_018,fpfh_ransac,93483,0.018522,0.013131,,,,0.9345,1.3805,train_good/000,0.136478,0.001365,0.995,0.999
mvtec_tire,mvtec,test_defect,cut,cut_019,fpfh_ransac,92643,0.079866,0.013131,,,,0.7528,1.7419,train_good/000,0.136478,0.001365,0.995,0.999
mvtec_tire,mvtec,test_defect,cut,cut_020,fpfh_ransac,94589,0.078567,0.013131,,,,0.7524,1.3716,train_good/000,0.136478,0.001365,0.995,0.999
mvtec_tire,mvtec,test_defect,cut,cut_021,fpfh_ransac,92574,0.082756,0.013131,,,,0.861,1.4283,train_good/000,0.136478,0.001365,0.995,0.999
mvtec_tire,mvtec,test_defect,cut,cut_022,fpfh_ransac,92145,0.101607,0.013131,,,,0.711,1.9918,train_good/000,0.136478,0.001365,0.995,0.999
mvtec_tire,mvtec,test_defect,cut,cut_023,fpfh_ransac,92027,0.019499,0.013131,,,,0.8766,1.4886,train_good/000,0.136478,0.001365,0.995,0.999
mvtec_tire,mvtec,test_defect,cut,cut_024,fpfh_ransac,93349,0.08183,0.013131,,,,0.7846,2.0467,train_good/000,0.136478,0.001365,0.995,0.999
mvtec_tire,mvtec,test_defect,cut,cut_025,fpfh_ransac,92145,0.018861,0.013131,,,,0.8942,1.6771,train_good/000,0.136478,0.001365,0.995,0.999
mvtec_tire,mvtec,test_defect,cut,cut_026,fpfh_ransac,92991,0.074694,0.013131,,,,0.9494,1.4322,train_good/000,0.136478,0.001365,0.995,0.999
mvtec_tire,mvtec,test_defect,hole,hole_000,fpfh_ransac,92756,0.020351,0.013131,,,,0.8151,1.3662,train_good/000,0.136478,0.001365,0.995,0.999
mvtec_tire,mvtec,test_defect,hole,hole_001,fpfh_ransac,93244,0.080289,0.013131,,,,0.8362,1.4115,train_good/000,0.136478,0.001365,0.995,0.999
mvtec_tire,mvtec,test_defect,hole,hole_002,fpfh_ransac,92829,0.0202,0.013131,,,,0.7925,1.3428,train_good/000,0.136478,0.001365,0.995,0.999
mvtec_tire,mvtec,test_defect,hole,hole_003,fpfh_ransac,93389,0.079148,0.013131,,,,0.6442,1.4447,train_good/000,0.136478,0.001365,0.995,0.999
mvtec_tire,mvtec,test_defect,hole,hole_004,fpfh_ransac,94317,0.078545,0.013131,,,,0.7134,1.3978,train_good/000,0.136478,0.001365,0.995,0.999
mvtec_tire,mvtec,test_defect,hole,hole_005,fpfh_ransac,92586,0.019234,0.013131,,,,0.8698,1.4245,train_good/000,0.136478,0.001365,0.995,0.999
mvtec_tire,mvtec,test_defect,hole,hole_006,fpfh_ransac,92666,0.079544,0.013131,,,,0.816,2.13,train_good/000,0.136478,0.001365,0.995,0.999
mvtec_tire,mvtec,test_defect,hole,hole_007,fpfh_ransac,91556,0.01797,0.013131,,,,0.824,1.4292,train_good/000,0.136478,0.001365,0.995,0.999
mvtec_tire,mvtec,test_defect,hole,hole_008,fpfh_ransac,93808,0.062615,0.013131,,,,0.7345,1.5925,train_good/000,0.136478,0.001365,0.995,0.999
mvtec_tire,mvtec,test_defect,hole,hole_009,fpfh_ransac,91056,0.016603,0.013131,,,,0.6414,1.3964,train_good/000,0.136478,0.001365,0.995,0.999
mvtec_tire,mvtec,test_defect,hole,hole_010,fpfh_ransac,91627,0.018745,0.013131,,,,0.655,1.3146,train_good/000,0.136478,0.001365,0.995,0.999
mvtec_tire,mvtec,test_defect,hole,hole_011,fpfh_ransac,93598,0.074337,0.013131,,,,0.8665,1.4776,train_good/000,0.136478,0.001365,0.995,0.999
mvtec_tire,mvtec,test_defect,hole,hole_012,fpfh_ransac,95081,0.023041,0.013131,,,,0.7562,1.3596,train_good/000,0.136478,0.001365,0.995,0.999
mvtec_tire,mvtec,test_defect,hole,hole_013,fpfh_ransac,94542,0.028917,0.013131,,,,0.6226,1.9128,train_good/000,0.136478,0.001365,0.995,0.999
mvtec_tire,mvtec,test_defect,hole,hole_014,fpfh_ransac,94489,0.027477,0.013131,,,,0.7126,1.8325,train_good/000,0.136478,0.001365,0.995,0.999
mvtec_tire,mvtec,test_defect,hole,hole_015,fpfh_ransac,93677,0.078622,0.013131,,,,0.7942,1.4808,train_good/000,0.136478,0.001365,0.995,0.999
mvtec_tire,mvtec,test_defect,hole,hole_016,fpfh_ransac,94336,0.021667,0.013131,,,,0.8029,1.2856,train_good/000,0.136478,0.001365,0.995,0.999
mvtec_tire,mvtec,test_defect,hole,hole_017,fpfh_ransac,94121,0.07606,0.013131,,,,0.7293,1.4583,train_good/000,0.136478,0.001365,0.995,0.999
mvtec_tire,mvtec,test_defect,hole,hole_018,fpfh_ransac,94756,0.019175,0.013131,,,,0.7416,1.3331,train_good/000,0.136478,0.001365,0.995,0.999
mvtec_tire,mvtec,test_defect,hole,hole_019,fpfh_ransac,94301,0.074312,0.013131,,,,0.8594,1.3684,train_good/000,0.136478,0.001365,0.995,0.999
mvtec_tire,mvtec,test_defect,hole,hole_020,fpfh_ransac,94777,0.068069,0.013131,,,,0.8323,1.3655,train_good/000,0.136478,0.001365,0.995,0.999
mvtec_tire,mvtec,test_defect,hole,hole_021,fpfh_ransac,92410,0.017858,0.013131,,,,0.8001,1.2245,train_good/000,0.136478,0.001365,0.995,0.999
mvtec_tire,mvtec,test_defect,hole,hole_022,fpfh_ransac,93460,0.069332,0.013131,,,,0.6677,1.4763,train_good/000,0.136478,0.001365,0.995,0.999
mvtec_tire,mvtec,test_defect,hole,hole_023,fpfh_ransac,91663,0.019287,0.013131,,,,0.6905,1.4974,train_good/000,0.136478,0.001365,0.995,0.999
mvtec_tire,mvtec,test_defect,hole,hole_024,fpfh_ransac,93603,0.06341,0.013131,,,,0.7873,1.8919,train_good/000,0.136478,0.001365,0.995,0.999
mvtec_tire,mvtec,test_defect,hole,hole_025,fpfh_ransac,93199,0.081124,0.013131,,,,0.6428,1.8905,train_good/000,0.136478,0.001365,0.995,0.999
mvtec_tire,mvtec,test_defect,hole,hole_026,fpfh_ransac,93042,0.020235,0.013131,,,,0.8159,1.6133,train_good/000,0.136478,0.001365,0.995,0.999
mvtec_potato,mvtec,test_good,,000,fpfh_ransac,128261,1.742459,1.147413,,,,,1.3415,train_good/000,0.098997,0.00099,0.995,0.999
mvtec_potato,mvtec,test_good,,001,fpfh_ransac,93418,0.600701,1.147413,,,,,1.1949,train_good/000,0.098997,0.00099,0.995,0.999
mvtec_potato,mvtec,test_good,,002,fpfh_ransac,63918,0.395258,1.147413,,,,,0.9824,train_good/000,0.098997,0.00099,0.995,0.999
mvtec_potato,mvtec,test_good,,003,fpfh_ransac,59926,0.195627,1.147413,,,,,1.3203,train_good/000,0.098997,0.00099,0.995,0.999
mvtec_potato,mvtec,test_good,,004,fpfh_ransac,45958,1.975614,1.147413,,,,,0.7811,train_good/000,0.098997,0.00099,0.995,0.999
mvtec_potato,mvtec,test_good,,005,fpfh_ransac,38270,0.353571,1.147413,,,,,0.7075,train_good/000,0.098997,0.00099,0.995,0.999
mvtec_potato,mvtec,test_good,,006,fpfh_ransac,73567,0.189889,1.147413,,,,,1.185,train_good/000,0.098997,0.00099,0.995,0.999
mvtec_potato,mvtec,test_good,,007,fpfh_ransac,81708,0.23122,1.147413,,,,,1.2804,train_good/000,0.098997,0.00099,0.995,0.999
mvtec_potato,mvtec,test_good,,008,fpfh_ransac,91678,0.403911,1.147413,,,,,1.1889,train_good/000,0.098997,0.00099,0.995,0.999
mvtec_potato,mvtec,test_good,,009,fpfh_ransac,70251,0.637206,1.147413,,,,,1.0502,train_good/000,0.098997,0.00099,0.995,0.999
mvtec_potato,mvtec,test_good,,010,fpfh_ransac,56290,4.258376,1.147413,,,,,0.8355,train_good/000,0.098997,0.00099,0.995,0.999
mvtec_potato,mvtec,test_good,,011,fpfh_ransac,44485,4.760418,1.147413,,,,,0.765,train_good/000,0.098997,0.00099,0.995,0.999
mvtec_potato,mvtec,test_good,,012,fpfh_ransac,42569,3.8342,1.147413,,,,,0.7526,train_good/000,0.098997,0.00099,0.995,0.999
mvtec_potato,mvtec,test_good,,013,fpfh_ransac,50718,0.45058,1.147413,,,,,0.7294,train_good/000,0.098997,0.00099,0.995,0.999
mvtec_potato,mvtec,test_good,,014,fpfh_ransac,71018,0.3392,1.147413,,,,,1.3989,train_good/000,0.098997,0.00099,0.995,0.999
mvtec_potato,mvtec,test_good,,015,fpfh_ransac,50898,0.089673,1.147413,,,,,1.4044,train_good/000,0.098997,0.00099,0.995,0.999
mvtec_potato,mvtec,test_good,,016,fpfh_ransac,53612,0.29737,1.147413,,,,,1.2094,train_good/000,0.098997,0.00099,0.995,0.999
mvtec_potato,mvtec,test_good,,017,fpfh_ransac,85710,0.359423,1.147413,,,,,1.717,train_good/000,0.098997,0.00099,0.995,0.999
mvtec_potato,mvtec,test_good,,018,fpfh_ransac,57369,1.354204,1.147413,,,,,0.8299,train_good/000,0.098997,0.00099,0.995,0.999
mvtec_potato,mvtec,test_good,,019,fpfh_ransac,61451,0.487316,1.147413,,,,,1.0219,train_good/000,0.098997,0.00099,0.995,0.999
mvtec_potato,mvtec,test_good,,020,fpfh_ransac,66695,0.307596,1.147413,,,,,1.4346,train_good/000,0.098997,0.00099,0.995,0.999
mvtec_potato,mvtec,test_good,,021,fpfh_ransac,37484,0.492635,1.147413,,,,,0.474,train_good/000,0.098997,0.00099,0.995,0.999
mvtec_potato,mvtec,test_defect,cut,cut_000,fpfh_ransac,78833,0.257725,1.147413,,,,0.519,1.2515,train_good/000,0.098997,0.00099,0.995,0.999
mvtec_potato,mvtec,test_defect,cut,cut_001,fpfh_ransac,60924,0.607995,1.147413,,,,0.3869,1.1479,train_good/000,0.098997,0.00099,0.995,0.999
mvtec_potato,mvtec,test_defect,cut,cut_002,fpfh_ransac,47742,0.320633,1.147413,,,,0.4935,0.8039,train_good/000,0.098997,0.00099,0.995,0.999
mvtec_potato,mvtec,test_defect,cut,cut_003,fpfh_ransac,57903,0.167026,1.147413,,,,0.5212,1.295,train_good/000,0.098997,0.00099,0.995,0.999
mvtec_potato,mvtec,test_defect,cut,cut_004,fpfh_ransac,43030,0.211825,1.147413,,,,0.5492,0.6376,train_good/000,0.098997,0.00099,0.995,0.999
mvtec_potato,mvtec,test_defect,cut,cut_005,fpfh_ransac,61918,0.179227,1.147413,,,,0.2975,1.3059,train_good/000,0.098997,0.00099,0.995,0.999
mvtec_potato,mvtec,test_defect,cut,cut_006,fpfh_ransac,49072,0.23637,1.147413,,,,0.7997,0.8614,train_good/000,0.098997,0.00099,0.995,0.999
mvtec_potato,mvtec,test_defect,cut,cut_007,fpfh_ransac,47644,2.863445,1.147413,,,,0.5903,0.9826,train_good/000,0.098997,0.00099,0.995,0.999
mvtec_potato,mvtec,test_defect,cut,cut_008,fpfh_ransac,82931,0.293768,1.147413,,,,0.3581,1.7141,train_good/000,0.098997,0.00099,0.995,0.999
mvtec_potato,mvtec,test_defect,cut,cut_009,fpfh_ransac,52188,15.247099,1.147413,,,,0.4797,0.7475,train_good/000,0.098997,0.00099,0.995,0.999
mvtec_potato,mvtec,test_defect,cut,cut_010,fpfh_ransac,52830,2.032721,1.147413,,,,0.892,0.7794,train_good/000,0.098997,0.00099,0.995,0.999
mvtec_potato,mvtec,test_defect,cut,cut_011,fpfh_ransac,67091,1.155036,1.147413,,,,0.2731,1.1688,train_good/000,0.098997,0.00099,0.995,0.999
mvtec_potato,mvtec,test_defect,cut,cut_012,fpfh_ransac,73923,0.284419,1.147413,,,,0.3936,1.4887,train_good/000,0.098997,0.00099,0.995,0.999
mvtec_potato,mvtec,test_defect,cut,cut_013,fpfh_ransac,72874,0.365851,1.147413,,,,0.6624,0.9524,train_good/000,0.098997,0.00099,0.995,0.999
mvtec_potato,mvtec,test_defect,cut,cut_014,fpfh_ransac,66682,0.80361,1.147413,,,,0.8155,1.2181,train_good/000,0.098997,0.00099,0.995,0.999
mvtec_potato,mvtec,test_defect,cut,cut_015,fpfh_ransac,56380,2.744372,1.147413,,,,0.5835,0.99,train_good/000,0.098997,0.00099,0.995,0.999
mvtec_potato,mvtec,test_defect,cut,cut_016,fpfh_ransac,52689,5.43514,1.147413,,,,0.2649,1.1742,train_good/000,0.098997,0.00099,0.995,0.999
mvtec_potato,mvtec,test_defect,cut,cut_017,fpfh_ransac,50793,2.090932,1.147413,,,,0.4874,0.8423,train_good/000,0.098997,0.00099,0.995,0.999
mvtec_potato,mvtec,test_defect,cut,cut_018,fpfh_ransac,63569,0.32416,1.147413,,,,0.2549,1.2941,train_good/000,0.098997,0.00099,0.995,0.999
mvtec_potato,mvtec,test_defect,cut,cut_019,fpfh_ransac,57458,0.338474,1.147413,,,,0.5262,0.6709,train_good/000,0.098997,0.00099,0.995,0.999
mvtec_potato,mvtec,test_defect,cut,cut_020,fpfh_ransac,40419,0.556035,1.147413,,,,0.479,0.6636,train_good/000,0.098997,0.00099,0.995,0.999
mvtec_potato,mvtec,test_defect,cut,cut_021,fpfh_ransac,77685,0.682995,1.147413,,,,0.2348,1.0886,train_good/000,0.098997,0.00099,0.995,0.999
mvtec_potato,mvtec,test_defect,cut,cut_022,fpfh_ransac,56793,0.28965,1.147413,,,,0.3783,1.4396,train_good/000,0.098997,0.00099,0.995,0.999
mvtec_potato,mvtec,test_defect,hole,hole_000,fpfh_ransac,69285,7.025961,1.147413,,,,0.399,0.8974,train_good/000,0.098997,0.00099,0.995,0.999
mvtec_potato,mvtec,test_defect,hole,hole_001,fpfh_ransac,52361,0.437878,1.147413,,,,0.6072,0.84,train_good/000,0.098997,0.00099,0.995,0.999
mvtec_potato,mvtec,test_defect,hole,hole_002,fpfh_ransac,39750,2.260656,1.147413,,,,0.7565,0.9856,train_good/000,0.098997,0.00099,0.995,0.999
mvtec_potato,mvtec,test_defect,hole,hole_003,fpfh_ransac,45220,6.228405,1.147413,,,,0.7438,0.7251,train_good/000,0.098997,0.00099,0.995,0.999
mvtec_potato,mvtec,test_defect,hole,hole_004,fpfh_ransac,83488,28.239512,1.147413,,,,0.5322,0.9533,train_good/000,0.098997,0.00099,0.995,0.999
mvtec_potato,mvtec,test_defect,hole,hole_005,fpfh_ransac,87617,1.353062,1.147413,,,,0.5718,1.057,train_good/000,0.098997,0.00099,0.995,0.999
mvtec_potato,mvtec,test_defect,hole,hole_006,fpfh_ransac,53495,16.21877,1.147413,,,,0.329,1.2514,train_good/000,0.098997,0.00099,0.995,0.999
mvtec_potato,mvtec,test_defect,hole,hole_007,fpfh_ransac,55801,4.688298,1.147413,,,,0.4749,1.0731,train_good/000,0.098997,0.00099,0.995,0.999
mvtec_potato,mvtec,test_defect,hole,hole_008,fpfh_ransac,49785,0.354787,1.147413,,,,0.4395,0.7513,train_good/000,0.098997,0.00099,0.995,0.999
mvtec_potato,mvtec,test_defect,hole,hole_009,fpfh_ransac,76954,0.12081,1.147413,,,,0.5851,1.2821,train_good/000,0.098997,0.00099,0.995,0.999
mvtec_potato,mvtec,test_defect,hole,hole_010,fpfh_ransac,60783,0.173066,1.147413,,,,0.4976,0.8878,train_good/000,0.098997,0.00099,0.995,0.999
mvtec_potato,mvtec,test_defect,hole,hole_011,fpfh_ransac,60166,0.357608,1.147413,,,,0.616,0.9888,train_good/000,0.098997,0.00099,0.995,0.999
mvtec_potato,mvtec,test_defect,hole,hole_012,fpfh_ransac,44458,12.154581,1.147413,,,,0.6292,0.7397,train_good/000,0.098997,0.00099,0.995,0.999
mvtec_potato,mvtec,test_defect,hole,hole_013,fpfh_ransac,54542,0.810713,1.147413,,,,0.6236,1.1284,train_good/000,0.098997,0.00099,0.995,0.999
mvtec_potato,mvtec,test_defect,hole,hole_014,fpfh_ransac,50147,1.838436,1.147413,,,,0.715,1.2215,train_good/000,0.098997,0.00099,0.995,0.999
mvtec_potato,mvtec,test_defect,hole,hole_015,fpfh_ransac,62368,1.02315,1.147413,,,,0.3929,0.8541,train_good/000,0.098997,0.00099,0.995,0.999
mvtec_potato,mvtec,test_defect,hole,hole_016,fpfh_ransac,61607,0.521131,1.147413,,,,0.7891,1.0361,train_good/000,0.098997,0.00099,0.995,0.999
mvtec_potato,mvtec,test_defect,hole,hole_017,fpfh_ransac,40136,37.314155,1.147413,,,,0.6102,0.767,train_good/000,0.098997,0.00099,0.995,0.999
mvtec_potato,mvtec,test_defect,hole,hole_018,fpfh_ransac,44463,4.149116,1.147413,,,,0.5304,0.6597,train_good/000,0.098997,0.00099,0.995,0.999
mvtec_potato,mvtec,test_defect,hole,hole_019,fpfh_ransac,56216,2.482445,1.147413,,,,0.3742,1.4096,train_good/000,0.098997,0.00099,0.995,0.999
mvtec_potato,mvtec,test_defect,hole,hole_020,fpfh_ransac,55807,0.340975,1.147413,,,,0.1657,0.9762,train_good/000,0.098997,0.00099,0.995,0.999
mvtec_potato,mvtec,test_defect,hole,hole_021,fpfh_ransac,84906,2.2169,1.147413,,,,0.3484,1.1243,train_good/000,0.098997,0.00099,0.995,0.999
mvtec_potato,mvtec,test_defect,hole,hole_022,fpfh_ransac,69929,0.227719,1.147413,,,,0.3711,1.1091,train_good/000,0.098997,0.00099,0.995,0.999
