rep,part,track,scan_auroc,n_good,n_defect
0,mvtec_bagel,mvtec,0.475687,22,43
0,synth_bunny,synthetic,1.0,20,20
1,mvtec_bagel,mvtec,0.494715,22,43
1,synth_bunny,synthetic,1.0,20,20
2,mvtec_bagel,mvtec,0.486258,22,43
2,synth_bunny,synthetic,1.0,20,20
3,mvtec_bagel,mvtec,0.48203,22,43
3,synth_bunny,synthetic,1.0,20,20
4,mvtec_bagel,mvtec,0.487315,22,43
4,synth_bunny,synthetic,1.0,20,20
5,mvtec_bagel,mvtec,0.466173,22,43
5,synth_bunny,synthetic,1.0,20,20
6,mvtec_bagel,mvtec,0.455603,22,43
6,synth_bunny,synthetic,1.0,20,20
7,mvtec_bagel,mvtec,0.463002,22,43
7,synth_bunny,synthetic,1.0,20,20
8,mvtec_bagel,mvtec,0.454545,22,43
8,synth_bunny,synthetic,1.0,20,20
9,mvtec_bagel,mvtec,0.489429,22,43
9,synth_bunny,synthetic,1.0,20,20
